area_name_en,property_config,contract_reg_type_en,recent_records
AL Athbah,Villa | 3 bed rooms+hall,New,4
AL Athbah,Villa | 3 bed rooms+hall,Renew,2
AL Athbah,Villa | 4 bed rooms+hall,New,11
AL Athbah,Villa | 5 bed rooms+hall,New,10
AL Athbah,Villa | 5 bed rooms+hall,Renew,2
AL Athbah,Villa | 6 bed rooms+hall,New,7
AL Athbah,Villa | 6 bed rooms+hall,Renew,1
AL MIZHAR FOURTH,Villa | 2 bed rooms+hall,New,1
AL MIZHAR FOURTH,Villa | 3 bed rooms+hall,New,5
AL MIZHAR FOURTH,Villa | 3 bed rooms+hall,Renew,4
AL MIZHAR FOURTH,Villa | 4 bed rooms+hall,New,2
AL MIZHAR FOURTH,Villa | 5 bed rooms+hall,New,2
AL QUSAIS,Apartment | 1bed room+Hall,New,3184
AL QUSAIS,Apartment | 1bed room+Hall,Renew,9686
AL QUSAIS,Apartment | 2 bed rooms+hall,New,3982
AL QUSAIS,Apartment | 2 bed rooms+hall,Renew,11252
AL QUSAIS,Apartment | 3 bed rooms+hall,New,332
AL QUSAIS,Apartment | 3 bed rooms+hall,Renew,1144
AL QUSAIS,Apartment | 4 bed rooms+hall,New,7
AL QUSAIS,Apartment | 4 bed rooms+hall,Renew,24
AL QUSAIS,Apartment | Penthouse,New,2
AL QUSAIS,Apartment | Penthouse,Renew,2
AL QUSAIS,Apartment | Studio,New,693
AL QUSAIS,Apartment | Studio,Renew,1236
AL TWAR FIFTH,Apartment | 10 bed rooms+hall,New,2
AL TWAR FIFTH,Apartment | 10 bed rooms+hall,Renew,1
AL TWAR FIFTH,Apartment | 1bed room+Hall,New,981
AL TWAR FIFTH,Apartment | 1bed room+Hall,Renew,2070
AL TWAR FIFTH,Apartment | 2 bed rooms+hall,New,702
AL TWAR FIFTH,Apartment | 2 bed rooms+hall,Renew,1852
AL TWAR FIFTH,Apartment | 3 bed rooms+hall,New,150
AL TWAR FIFTH,Apartment | 3 bed rooms+hall,Renew,426
AL TWAR FIFTH,Apartment | 4 bed rooms+hall,Renew,6
AL TWAR FIFTH,Apartment | Studio,New,171
AL TWAR FIFTH,Apartment | Studio,Renew,140
AL TWAR FIFTH,Villa | 3 bed rooms+hall,New,3
AL TWAR FIFTH,Villa | 3 bed rooms+hall,Renew,11
AL TWAR FIFTH,Villa | 4 bed rooms+hall,New,6
AL TWAR FIFTH,Villa | 4 bed rooms+hall,Renew,10
AL TWAR FIFTH,Villa | 5 bed rooms+hall,New,11
AL TWAR FIFTH,Villa | 5 bed rooms+hall,Renew,11
AL TWAR FIFTH,Villa | 7 bed rooms+hall,New,2
AL TWAR FIFTH,Villa | 7 bed rooms+hall,Renew,1
Abu Hail,Apartment | 1bed room+Hall,New,460
Abu Hail,Apartment | 1bed room+Hall,Renew,152
Abu Hail,Apartment | 2 bed rooms+hall,New,189
Abu Hail,Apartment | 2 bed rooms+hall,Renew,158
Abu Hail,Apartment | 3 bed rooms+hall,New,26
Abu Hail,Apartment | 3 bed rooms+hall,Renew,35
Abu Hail,Apartment | 5 bed rooms+hall,New,2
Abu Hail,Apartment | 7 bed rooms+hall,New,13
Abu Hail,Apartment | Studio,New,160
Abu Hail,Apartment | Studio,Renew,69
Abu Hail,Villa | 10 bed rooms+hall,New,13
Abu Hail,Villa | 10 bed rooms+hall,Renew,5
Abu Hail,Villa | 11 bed rooms+hall,New,1
Abu Hail,Villa | 1bed room+Hall,New,1
Abu Hail,Villa | 1bed room+Hall,Renew,1
Abu Hail,Villa | 2 bed rooms+hall,New,33
Abu Hail,Villa | 2 bed rooms+hall,Renew,100
Abu Hail,Villa | 3 bed rooms+hall,New,362
Abu Hail,Villa | 3 bed rooms+hall,Renew,630
Abu Hail,Villa | 4 bed rooms+hall,New,78
Abu Hail,Villa | 4 bed rooms+hall,Renew,120
Abu Hail,Villa | 5 bed rooms+hall,New,95
Abu Hail,Villa | 5 bed rooms+hall,Renew,93
Abu Hail,Villa | 6 bed rooms+hall,New,37
Abu Hail,Villa | 6 bed rooms+hall,Renew,30
Abu Hail,Villa | 7 bed rooms+hall,New,22
Abu Hail,Villa | 7 bed rooms+hall,Renew,16
Abu Hail,Villa | 8 bed rooms+hall,New,25
Abu Hail,Villa | 8 bed rooms+hall,Renew,11
Abu Hail,Villa | 9 bed rooms+hall,New,14
Abu Hail,Villa | 9 bed rooms+hall,Renew,6
Al Aweer First,Apartment | 1bed room+Hall,New,2
Al Aweer First,Apartment | 1bed room+Hall,Renew,1
Al Aweer First,Apartment | Studio,New,40
Al Aweer First,Apartment | Studio,Renew,25
Al Aweer First,Villa | 15 bed room+hall,New,1
Al Aweer First,Villa | 1bed room+Hall,Renew,3
Al Aweer First,Villa | 2 bed rooms+hall,New,5
Al Aweer First,Villa | 2 bed rooms+hall,Renew,11
Al Aweer First,Villa | 3 bed rooms+hall,New,32
Al Aweer First,Villa | 3 bed rooms+hall,Renew,8
Al Aweer First,Villa | 4 bed rooms+hall,New,32
Al Aweer First,Villa | 4 bed rooms+hall,Renew,5
Al Aweer First,Villa | 5 bed rooms+hall,New,53
Al Aweer First,Villa | 5 bed rooms+hall,Renew,11
Al Aweer First,Villa | 6 bed rooms+hall,New,9
Al Aweer First,Villa | 6 bed rooms+hall,Renew,2
Al Aweer First,Villa | 7 bed rooms+hall,Renew,1
Al Aweer First,Villa | 8 bed rooms+hall,New,2
Al Aweer First,Villa | 8 bed rooms+hall,Renew,1
Al Aweer Second,Apartment | 1bed room+Hall,New,11
Al Aweer Second,Apartment | 1bed room+Hall,Renew,9
Al Aweer Second,Apartment | 2 bed rooms+hall,New,3
Al Aweer Second,Apartment | 2 bed rooms+hall,Renew,1
Al Aweer Second,Apartment | 3 bed rooms+hall,Renew,3
Al Aweer Second,Apartment | Studio,New,9
Al Aweer Second,Apartment | Studio,Renew,6
Al Aweer Second,Villa | 2 bed rooms+hall,New,3
Al Aweer Second,Villa | 2 bed rooms+hall,Renew,7
Al Aweer Second,Villa | 3 bed rooms+hall,New,5
Al Aweer Second,Villa | 3 bed rooms+hall,Renew,4
Al Aweer Second,Villa | 4 bed rooms+hall,New,2
Al Aweer Second,Villa | 5 bed rooms+hall,New,2
Al Aweer Second,Villa | 5 bed rooms+hall,Renew,1
Al Bada,Apartment | 1bed room+Hall,New,1478
Al Bada,Apartment | 1bed room+Hall,Renew,2024
Al Bada,Apartment | 2 bed rooms+hall,New,740
Al Bada,Apartment | 2 bed rooms+hall,Renew,1611
Al Bada,Apartment | 3 bed rooms+hall,New,98
Al Bada,Apartment | 3 bed rooms+hall,Renew,424
Al Bada,Apartment | 4 bed rooms+hall,New,4
Al Bada,Apartment | 4 bed rooms+hall,Renew,2
Al Bada,Apartment | Studio,New,650
Al Bada,Apartment | Studio,Renew,624
Al Bada,Villa | 10 bed rooms+hall,New,4
Al Bada,Villa | 10 bed rooms+hall,Renew,1
Al Bada,Villa | 15 bed room+hall,New,1
Al Bada,Villa | 2 bed rooms+hall,New,17
Al Bada,Villa | 2 bed rooms+hall,Renew,12
Al Bada,Villa | 3 bed rooms+hall,New,356
Al Bada,Villa | 3 bed rooms+hall,Renew,1544
Al Bada,Villa | 4 bed rooms+hall,New,180
Al Bada,Villa | 4 bed rooms+hall,Renew,584
Al Bada,Villa | 5 bed rooms+hall,New,50
Al Bada,Villa | 5 bed rooms+hall,Renew,81
Al Bada,Villa | 6 bed rooms+hall,New,37
Al Bada,Villa | 6 bed rooms+hall,Renew,19
Al Bada,Villa | 7 bed rooms+hall,New,7
Al Bada,Villa | 7 bed rooms+hall,Renew,2
Al Bada,Villa | 8 bed rooms+hall,New,10
Al Bada,Villa | 9 bed rooms+hall,New,4
Al Bada,Villa | 9 bed rooms+hall,Renew,1
Al Baraha,Apartment | 1bed room+Hall,New,1490
Al Baraha,Apartment | 1bed room+Hall,Renew,759
Al Baraha,Apartment | 2 bed rooms+hall,New,1026
Al Baraha,Apartment | 2 bed rooms+hall,Renew,548
Al Baraha,Apartment | 3 bed rooms+hall,New,20
Al Baraha,Apartment | 3 bed rooms+hall,Renew,32
Al Baraha,Apartment | 4 bed rooms+hall,Renew,3
Al Baraha,Apartment | Studio,New,2739
Al Baraha,Apartment | Studio,Renew,2418
Al Baraha,Villa | 10 bed rooms+hall,New,1
Al Baraha,Villa | 10 bed rooms+hall,Renew,2
Al Baraha,Villa | 2 bed rooms+hall,New,6
Al Baraha,Villa | 2 bed rooms+hall,Renew,7
Al Baraha,Villa | 3 bed rooms+hall,New,7
Al Baraha,Villa | 3 bed rooms+hall,Renew,60
Al Baraha,Villa | 4 bed rooms+hall,New,38
Al Baraha,Villa | 4 bed rooms+hall,Renew,152
Al Baraha,Villa | 5 bed rooms+hall,New,18
Al Baraha,Villa | 5 bed rooms+hall,Renew,58
Al Baraha,Villa | 6 bed rooms+hall,New,1
Al Baraha,Villa | 7 bed rooms+hall,New,1
Al Baraha,Villa | 7 bed rooms+hall,Renew,5
Al Baraha,Villa | 8 bed rooms+hall,New,4
Al Barsha First,Apartment | 1bed room+Hall,New,6071
Al Barsha First,Apartment | 1bed room+Hall,Renew,10893
Al Barsha First,Apartment | 2 bed rooms+hall,New,4965
Al Barsha First,Apartment | 2 bed rooms+hall,Renew,10215
Al Barsha First,Apartment | 3 bed rooms+hall,New,617
Al Barsha First,Apartment | 3 bed rooms+hall,Renew,1645
Al Barsha First,Apartment | 4 bed rooms+hall,New,45
Al Barsha First,Apartment | 4 bed rooms+hall,Renew,65
Al Barsha First,Apartment | Studio,New,749
Al Barsha First,Apartment | Studio,Renew,1259
Al Barsha First,Villa | 3 bed rooms+hall,New,85
Al Barsha First,Villa | 3 bed rooms+hall,Renew,390
Al Barsha First,Villa | 4 bed rooms+hall,New,231
Al Barsha First,Villa | 4 bed rooms+hall,Renew,991
Al Barsha First,Villa | 5 bed rooms+hall,New,134
Al Barsha First,Villa | 5 bed rooms+hall,Renew,326
Al Barsha First,Villa | 6 bed rooms+hall,New,2
Al Barsha First,Villa | 6 bed rooms+hall,Renew,1
Al Barsha First,Villa | 7 bed rooms+hall,New,2
Al Barsha First,Villa | 7 bed rooms+hall,Renew,1
Al Barsha Second,Apartment | 3 bed rooms+hall,New,4
Al Barsha Second,Apartment | 3 bed rooms+hall,Renew,2
Al Barsha Second,Villa | 10 bed rooms+hall,New,4
Al Barsha Second,Villa | 2 bed rooms+hall,Renew,4
Al Barsha Second,Villa | 3 bed rooms+hall,New,34
Al Barsha Second,Villa | 3 bed rooms+hall,Renew,34
Al Barsha Second,Villa | 4 bed rooms+hall,New,72
Al Barsha Second,Villa | 4 bed rooms+hall,Renew,85
Al Barsha Second,Villa | 5 bed rooms+hall,New,113
Al Barsha Second,Villa | 5 bed rooms+hall,Renew,172
Al Barsha Second,Villa | 6 bed rooms+hall,New,24
Al Barsha Second,Villa | 6 bed rooms+hall,Renew,54
Al Barsha Second,Villa | 7 bed rooms+hall,New,12
Al Barsha Second,Villa | 7 bed rooms+hall,Renew,11
Al Barsha Second,Villa | 8 bed rooms+hall,New,5
Al Barsha Second,Villa | 8 bed rooms+hall,Renew,4
Al Barsha Second,Villa | 9 bed rooms+hall,New,3
Al Barsha Second,Villa | 9 bed rooms+hall,Renew,1
Al Barsha South Fifth,Apartment | 1bed room+Hall,New,1324
Al Barsha South Fifth,Apartment | 1bed room+Hall,Renew,1033
Al Barsha South Fifth,Apartment | 2 bed rooms+hall,New,486
Al Barsha South Fifth,Apartment | 2 bed rooms+hall,Renew,681
Al Barsha South Fifth,Apartment | 3 bed rooms+hall,New,49
Al Barsha South Fifth,Apartment | 3 bed rooms+hall,Renew,59
Al Barsha South Fifth,Apartment | Studio,New,1522
Al Barsha South Fifth,Apartment | Studio,Renew,856
Al Barsha South Fifth,Villa | 1bed room+Hall,New,240
Al Barsha South Fifth,Villa | 1bed room+Hall,Renew,367
Al Barsha South Fifth,Villa | 2 bed rooms+hall,New,474
Al Barsha South Fifth,Villa | 2 bed rooms+hall,Renew,789
Al Barsha South Fifth,Villa | 3 bed rooms+hall,New,72
Al Barsha South Fifth,Villa | 3 bed rooms+hall,Renew,47
Al Barsha South Fifth,Villa | 4 bed rooms+hall,New,31
Al Barsha South Fifth,Villa | 4 bed rooms+hall,Renew,34
Al Barsha South Fifth,Villa | 5 bed rooms+hall,New,16
Al Barsha South Fifth,Villa | 5 bed rooms+hall,Renew,25
Al Barsha South Fifth,Villa | 6 bed rooms+hall,New,4
Al Barsha South Fourth,Apartment | 1bed room+Hall,New,17762
Al Barsha South Fourth,Apartment | 1bed room+Hall,Renew,12990
Al Barsha South Fourth,Apartment | 2 bed rooms+hall,New,5447
Al Barsha South Fourth,Apartment | 2 bed rooms+hall,Renew,5270
Al Barsha South Fourth,Apartment | 2 bed rooms+hall+Maids Room,Renew,3
Al Barsha South Fourth,Apartment | 3 bed rooms+hall,New,558
Al Barsha South Fourth,Apartment | 3 bed rooms+hall,Renew,476
Al Barsha South Fourth,Apartment | 4 bed rooms+hall,New,38
Al Barsha South Fourth,Apartment | 4 bed rooms+hall,Renew,27
Al Barsha South Fourth,Apartment | Duplex,New,17
Al Barsha South Fourth,Apartment | Duplex,Renew,26
Al Barsha South Fourth,Apartment | Studio,New,10329
Al Barsha South Fourth,Apartment | Studio,Renew,5550
Al Barsha South Fourth,Villa | 1bed room+Hall,New,168
Al Barsha South Fourth,Villa | 1bed room+Hall,Renew,137
Al Barsha South Fourth,Villa | 2 bed rooms+hall,New,245
Al Barsha South Fourth,Villa | 2 bed rooms+hall,Renew,321
Al Barsha South Fourth,Villa | 3 bed rooms+hall,New,625
Al Barsha South Fourth,Villa | 3 bed rooms+hall,Renew,536
Al Barsha South Fourth,Villa | 4 bed rooms+hall,New,806
Al Barsha South Fourth,Villa | 4 bed rooms+hall,Renew,492
Al Barsha South Fourth,Villa | 5 bed rooms+hall,New,97
Al Barsha South Fourth,Villa | 5 bed rooms+hall,Renew,100
Al Barsha Third,Villa | 10 bed rooms+hall,New,3
Al Barsha Third,Villa | 10 bed rooms+hall,Renew,1
Al Barsha Third,Villa | 1bed room+Hall,New,1
Al Barsha Third,Villa | 3 bed rooms+hall,New,18
Al Barsha Third,Villa | 3 bed rooms+hall,Renew,26
Al Barsha Third,Villa | 4 bed rooms+hall,New,75
Al Barsha Third,Villa | 4 bed rooms+hall,Renew,96
Al Barsha Third,Villa | 5 bed rooms+hall,New,98
Al Barsha Third,Villa | 5 bed rooms+hall,Renew,147
Al Barsha Third,Villa | 6 bed rooms+hall,New,29
Al Barsha Third,Villa | 6 bed rooms+hall,Renew,38
Al Barsha Third,Villa | 7 bed rooms+hall,New,15
Al Barsha Third,Villa | 7 bed rooms+hall,Renew,10
Al Barsha Third,Villa | 8 bed rooms+hall,New,1
Al Barsha Third,Villa | 8 bed rooms+hall,Renew,3
Al Barsha Third,Villa | 9 bed rooms+hall,New,3
Al Barsha Third,Villa | 9 bed rooms+hall,Renew,2
Al Barshaa South First,Villa | 2 bed rooms+hall,New,4
Al Barshaa South First,Villa | 2 bed rooms+hall,Renew,3
Al Barshaa South First,Villa | 3 bed rooms+hall,New,19
Al Barshaa South First,Villa | 3 bed rooms+hall,Renew,26
Al Barshaa South First,Villa | 4 bed rooms+hall,New,24
Al Barshaa South First,Villa | 4 bed rooms+hall,Renew,41
Al Barshaa South First,Villa | 5 bed rooms+hall,New,73
Al Barshaa South First,Villa | 5 bed rooms+hall,Renew,79
Al Barshaa South First,Villa | 6 bed rooms+hall,New,11
Al Barshaa South First,Villa | 6 bed rooms+hall,Renew,8
Al Barshaa South First,Villa | 7 bed rooms+hall,New,4
Al Barshaa South First,Villa | 7 bed rooms+hall,Renew,1
Al Barshaa South First,Villa | 8 bed rooms+hall,New,3
Al Barshaa South Second,Apartment | 1bed room+Hall,New,466
Al Barshaa South Second,Apartment | 1bed room+Hall,Renew,459
Al Barshaa South Second,Apartment | 2 bed rooms+hall,New,225
Al Barshaa South Second,Apartment | 2 bed rooms+hall,Renew,326
Al Barshaa South Second,Apartment | 3 bed rooms+hall,New,9
Al Barshaa South Second,Apartment | 3 bed rooms+hall,Renew,59
Al Barshaa South Second,Apartment | Penthouse,New,1
Al Barshaa South Second,Apartment | Penthouse,Renew,1
Al Barshaa South Second,Apartment | Studio,New,353
Al Barshaa South Second,Apartment | Studio,Renew,280
Al Barshaa South Second,Villa | 10 bed rooms+hall,New,1
Al Barshaa South Second,Villa | 2 bed rooms+hall,New,1
Al Barshaa South Second,Villa | 3 bed rooms+hall,New,85
Al Barshaa South Second,Villa | 3 bed rooms+hall,Renew,175
Al Barshaa South Second,Villa | 4 bed rooms+hall,New,68
Al Barshaa South Second,Villa | 4 bed rooms+hall,Renew,182
Al Barshaa South Second,Villa | 5 bed rooms+hall,New,106
Al Barshaa South Second,Villa | 5 bed rooms+hall,Renew,125
Al Barshaa South Second,Villa | 6 bed rooms+hall,New,16
Al Barshaa South Second,Villa | 6 bed rooms+hall,Renew,11
Al Barshaa South Second,Villa | 7 bed rooms+hall,New,8
Al Barshaa South Second,Villa | 8 bed rooms+hall,New,2
Al Barshaa South Second,Villa | 8 bed rooms+hall,Renew,1
Al Barshaa South Third,Apartment | 1bed room+Hall,New,6596
Al Barshaa South Third,Apartment | 1bed room+Hall,Renew,6303
Al Barshaa South Third,Apartment | 2 bed rooms+hall,New,3042
Al Barshaa South Third,Apartment | 2 bed rooms+hall,Renew,3761
Al Barshaa South Third,Apartment | 3 bed rooms+hall,New,269
Al Barshaa South Third,Apartment | 3 bed rooms+hall,Renew,234
Al Barshaa South Third,Apartment | 4 bed rooms+hall,New,1
Al Barshaa South Third,Apartment | 8 bed rooms+hall,Renew,3
Al Barshaa South Third,Apartment | Studio,New,5866
Al Barshaa South Third,Apartment | Studio,Renew,4201
Al Buteen,Apartment | 1bed room+Hall,New,139
Al Buteen,Apartment | 1bed room+Hall,Renew,410
Al Buteen,Apartment | 2 bed rooms+hall,New,102
Al Buteen,Apartment | 2 bed rooms+hall,Renew,260
Al Buteen,Apartment | 3 bed rooms+hall,New,16
Al Buteen,Apartment | 3 bed rooms+hall,Renew,31
Al Buteen,Apartment | 4 bed rooms+hall,New,5
Al Buteen,Apartment | 4 bed rooms+hall,Renew,3
Al Buteen,Apartment | Studio,New,171
Al Buteen,Apartment | Studio,Renew,217
Al Dhagaya,Apartment | 1bed room+Hall,New,423
Al Dhagaya,Apartment | 1bed room+Hall,Renew,476
Al Dhagaya,Apartment | 2 bed rooms+hall,New,178
Al Dhagaya,Apartment | 2 bed rooms+hall,Renew,220
Al Dhagaya,Apartment | 3 bed rooms+hall,New,14
Al Dhagaya,Apartment | 3 bed rooms+hall,Renew,8
Al Dhagaya,Apartment | 4 bed rooms+hall,New,1
Al Dhagaya,Apartment | 4 bed rooms+hall,Renew,2
Al Dhagaya,Apartment | Studio,New,483
Al Dhagaya,Apartment | Studio,Renew,592
Al Dhagaya,Villa | 2 bed rooms+hall,New,1
Al Dhagaya,Villa | 2 bed rooms+hall,Renew,2
Al Dhagaya,Villa | 7 bed rooms+hall,New,1
Al Eyas,Apartment | 1bed room+Hall,New,2
Al Eyas,Apartment | Studio,New,11
Al Eyas,Apartment | Studio,Renew,1
Al Garhoud,Apartment | 1bed room+Hall,New,569
Al Garhoud,Apartment | 1bed room+Hall,Renew,738
Al Garhoud,Apartment | 2 bed rooms+hall,New,673
Al Garhoud,Apartment | 2 bed rooms+hall,Renew,1348
Al Garhoud,Apartment | 3 bed rooms+hall,New,84
Al Garhoud,Apartment | 3 bed rooms+hall,Renew,207
Al Garhoud,Apartment | Studio,New,52
Al Garhoud,Apartment | Studio,Renew,80
Al Garhoud,Villa | 1bed room+Hall,New,1
Al Garhoud,Villa | 2 bed rooms+hall,New,1
Al Garhoud,Villa | 2 bed rooms+hall,Renew,10
Al Garhoud,Villa | 3 bed rooms+hall,New,103
Al Garhoud,Villa | 3 bed rooms+hall,Renew,307
Al Garhoud,Villa | 4 bed rooms+hall,New,188
Al Garhoud,Villa | 4 bed rooms+hall,Renew,594
Al Garhoud,Villa | 5 bed rooms+hall,New,101
Al Garhoud,Villa | 5 bed rooms+hall,Renew,245
Al Garhoud,Villa | 6 bed rooms+hall,New,5
Al Garhoud,Villa | 6 bed rooms+hall,Renew,17
Al Goze First,Apartment | 1bed room+Hall,New,34
Al Goze First,Apartment | 1bed room+Hall,Renew,110
Al Goze First,Apartment | 2 bed rooms+hall,New,32
Al Goze First,Apartment | 2 bed rooms+hall,Renew,72
Al Goze First,Apartment | Studio,New,2
Al Goze First,Apartment | Studio,Renew,5
Al Goze First,Villa | 10 bed rooms+hall,New,7
Al Goze First,Villa | 10 bed rooms+hall,Renew,7
Al Goze First,Villa | 11 bed rooms+hall,New,3
Al Goze First,Villa | 1bed room+Hall,New,2
Al Goze First,Villa | 1bed room+Hall,Renew,2
Al Goze First,Villa | 2 bed rooms+hall,New,13
Al Goze First,Villa | 2 bed rooms+hall,Renew,16
Al Goze First,Villa | 3 bed rooms+hall,New,28
Al Goze First,Villa | 3 bed rooms+hall,Renew,46
Al Goze First,Villa | 4 bed rooms+hall,New,45
Al Goze First,Villa | 4 bed rooms+hall,Renew,48
Al Goze First,Villa | 5 bed rooms+hall,New,45
Al Goze First,Villa | 5 bed rooms+hall,Renew,52
Al Goze First,Villa | 6 bed rooms+hall,New,29
Al Goze First,Villa | 6 bed rooms+hall,Renew,20
Al Goze First,Villa | 7 bed rooms+hall,New,6
Al Goze First,Villa | 7 bed rooms+hall,Renew,7
Al Goze First,Villa | 8 bed rooms+hall,New,6
Al Goze First,Villa | 8 bed rooms+hall,Renew,9
Al Goze First,Villa | 9 bed rooms+hall,New,6
Al Goze First,Villa | 9 bed rooms+hall,Renew,5
Al Goze Fourth,Apartment | 1bed room+Hall,New,916
Al Goze Fourth,Apartment | 1bed room+Hall,Renew,1502
Al Goze Fourth,Apartment | 2 bed rooms+hall,New,446
Al Goze Fourth,Apartment | 2 bed rooms+hall,Renew,1380
Al Goze Fourth,Apartment | 3 bed rooms+hall,New,86
Al Goze Fourth,Apartment | 3 bed rooms+hall,Renew,200
Al Goze Fourth,Apartment | 4 bed rooms+hall,New,8
Al Goze Fourth,Apartment | 4 bed rooms+hall,Renew,4
Al Goze Fourth,Apartment | 5 bed rooms+hall,New,43
Al Goze Fourth,Apartment | 5 bed rooms+hall,Renew,26
Al Goze Fourth,Apartment | 6 bed rooms+hall,New,4
Al Goze Fourth,Apartment | 6 bed rooms+hall,Renew,1
Al Goze Fourth,Apartment | Studio,New,1142
Al Goze Fourth,Apartment | Studio,Renew,1173
Al Goze Fourth,Villa | 11 bed rooms+hall,New,1
Al Goze Fourth,Villa | 2 bed rooms+hall,New,1
Al Goze Fourth,Villa | 3 bed rooms+hall,New,8
Al Goze Fourth,Villa | 3 bed rooms+hall,Renew,9
Al Goze Fourth,Villa | 4 bed rooms+hall,New,10
Al Goze Fourth,Villa | 4 bed rooms+hall,Renew,10
Al Goze Fourth,Villa | 5 bed rooms+hall,New,21
Al Goze Fourth,Villa | 5 bed rooms+hall,Renew,16
Al Goze Fourth,Villa | 6 bed rooms+hall,New,5
Al Goze Fourth,Villa | 6 bed rooms+hall,Renew,7
Al Goze Fourth,Villa | 7 bed rooms+hall,New,6
Al Goze Fourth,Villa | 7 bed rooms+hall,Renew,2
Al Goze Fourth,Villa | 8 bed rooms+hall,New,1
Al Goze Industrial Second,Apartment | 1bed room+Hall,New,1253
Al Goze Industrial Second,Apartment | 1bed room+Hall,Renew,3311
Al Goze Industrial Second,Apartment | 2 bed rooms+hall,New,3542
Al Goze Industrial Second,Apartment | 2 bed rooms+hall,Renew,7403
Al Goze Industrial Second,Apartment | 3 bed rooms+hall,New,27
Al Goze Industrial Second,Apartment | 3 bed rooms+hall,Renew,74
Al Goze Industrial Second,Apartment | Studio,New,1043
Al Goze Industrial Second,Apartment | Studio,Renew,2535
Al Goze Industrial Third,Apartment | Studio,New,1
Al Goze Third,Apartment | 1bed room+Hall,New,54
Al Goze Third,Apartment | 1bed room+Hall,Renew,204
Al Goze Third,Apartment | 2 bed rooms+hall,New,8
Al Goze Third,Apartment | 2 bed rooms+hall,Renew,58
Al Goze Third,Apartment | Studio,New,111
Al Goze Third,Apartment | Studio,Renew,191
Al Hamriya,Apartment | 1bed room+Hall,New,1863
Al Hamriya,Apartment | 1bed room+Hall,Renew,3595
Al Hamriya,Apartment | 2 bed rooms+hall,New,1258
Al Hamriya,Apartment | 2 bed rooms+hall,Renew,3098
Al Hamriya,Apartment | 3 bed rooms+hall,New,163
Al Hamriya,Apartment | 3 bed rooms+hall,Renew,391
Al Hamriya,Apartment | 4 bed rooms+hall,New,12
Al Hamriya,Apartment | 4 bed rooms+hall,Renew,47
Al Hamriya,Apartment | Studio,New,709
Al Hamriya,Apartment | Studio,Renew,1109
Al Hamriya,Villa | 4 bed rooms+hall,New,1
Al Hamriya,Villa | 6 bed rooms+hall,New,2
Al Hebiah Fifth,Apartment | 1bed room+Hall,New,1758
Al Hebiah Fifth,Apartment | 1bed room+Hall,Renew,1804
Al Hebiah Fifth,Apartment | 2 bed rooms+hall,New,905
Al Hebiah Fifth,Apartment | 2 bed rooms+hall,Renew,1662
Al Hebiah Fifth,Apartment | 3 bed rooms+hall,New,206
Al Hebiah Fifth,Apartment | 3 bed rooms+hall,Renew,445
Al Hebiah Fifth,Apartment | Studio,New,473
Al Hebiah Fifth,Apartment | Studio,Renew,403
Al Hebiah First,Apartment | 1bed room+Hall,New,1539
Al Hebiah First,Apartment | 1bed room+Hall,Renew,2030
Al Hebiah First,Apartment | 2 bed rooms+hall,New,864
Al Hebiah First,Apartment | 2 bed rooms+hall,Renew,1484
Al Hebiah First,Apartment | 3 bed rooms+hall,New,303
Al Hebiah First,Apartment | 3 bed rooms+hall,Renew,482
Al Hebiah First,Apartment | 4 bed rooms+hall,New,9
Al Hebiah First,Apartment | 4 bed rooms+hall,Renew,15
Al Hebiah First,Apartment | Duplex,New,2
Al Hebiah First,Apartment | Duplex,Renew,4
Al Hebiah First,Apartment | Studio,New,443
Al Hebiah First,Apartment | Studio,Renew,424
Al Hebiah First,Villa | 3 bed rooms+hall,New,82
Al Hebiah First,Villa | 3 bed rooms+hall,Renew,134
Al Hebiah First,Villa | 4 bed rooms+hall,New,86
Al Hebiah First,Villa | 4 bed rooms+hall,Renew,137
Al Hebiah First,Villa | 5 bed rooms+hall,New,14
Al Hebiah First,Villa | 5 bed rooms+hall,Renew,23
Al Hebiah Fourth,Apartment | 1bed room+Hall,New,5239
Al Hebiah Fourth,Apartment | 1bed room+Hall,Renew,4668
Al Hebiah Fourth,Apartment | 2 bed rooms+hall,New,2164
Al Hebiah Fourth,Apartment | 2 bed rooms+hall,Renew,2230
Al Hebiah Fourth,Apartment | 3 bed rooms+hall,New,160
Al Hebiah Fourth,Apartment | 3 bed rooms+hall,Renew,147
Al Hebiah Fourth,Apartment | 4 bed rooms+hall,Renew,10
Al Hebiah Fourth,Apartment | Duplex,New,1
Al Hebiah Fourth,Apartment | Duplex,Renew,1
Al Hebiah Fourth,Apartment | Penthouse,New,3
Al Hebiah Fourth,Apartment | Studio,New,5735
Al Hebiah Fourth,Apartment | Studio,Renew,4176
Al Hebiah Fourth,Villa | 3 bed rooms+hall,New,545
Al Hebiah Fourth,Villa | 3 bed rooms+hall,Renew,204
Al Hebiah Fourth,Villa | 4 bed rooms+hall,New,498
Al Hebiah Fourth,Villa | 4 bed rooms+hall,Renew,243
Al Hebiah Fourth,Villa | 5 bed rooms+hall,New,234
Al Hebiah Fourth,Villa | 5 bed rooms+hall,Renew,266
Al Hebiah Fourth,Villa | 6 bed rooms+hall,New,10
Al Hebiah Fourth,Villa | 6 bed rooms+hall,Renew,23
Al Hebiah Second,Apartment | 1bed room+Hall,New,749
Al Hebiah Second,Apartment | 1bed room+Hall,Renew,682
Al Hebiah Second,Apartment | 2 bed rooms+hall,New,268
Al Hebiah Second,Apartment | 2 bed rooms+hall,Renew,383
Al Hebiah Second,Apartment | 3 bed rooms+hall,New,45
Al Hebiah Second,Apartment | 3 bed rooms+hall,Renew,76
Al Hebiah Second,Apartment | Studio,New,473
Al Hebiah Second,Apartment | Studio,Renew,156
Al Hebiah Second,Villa | 5 bed rooms+hall,New,3
Al Hebiah Second,Villa | 6 bed rooms+hall,New,16
Al Hebiah Second,Villa | 6 bed rooms+hall,Renew,8
Al Hebiah Sixth,Apartment | 1bed room+Hall,New,69
Al Hebiah Sixth,Apartment | 1bed room+Hall,Renew,51
Al Hebiah Sixth,Apartment | 2 bed rooms+hall,New,74
Al Hebiah Sixth,Apartment | 2 bed rooms+hall,Renew,56
Al Hebiah Sixth,Apartment | 3 bed rooms+hall,New,17
Al Hebiah Sixth,Apartment | 3 bed rooms+hall,Renew,17
Al Hebiah Sixth,Villa | 1bed room+Hall,New,1
Al Hebiah Sixth,Villa | 1bed room+Hall,Renew,2
Al Hebiah Sixth,Villa | 2 bed rooms+hall,New,27
Al Hebiah Sixth,Villa | 2 bed rooms+hall,Renew,40
Al Hebiah Sixth,Villa | 3 bed rooms+hall,New,649
Al Hebiah Sixth,Villa | 3 bed rooms+hall,Renew,918
Al Hebiah Sixth,Villa | 4 bed rooms+hall,New,329
Al Hebiah Sixth,Villa | 4 bed rooms+hall,Renew,571
Al Hebiah Sixth,Villa | 5 bed rooms+hall,New,40
Al Hebiah Sixth,Villa | 5 bed rooms+hall,Renew,54
Al Hebiah Third,Apartment | 1bed room+Hall,New,1926
Al Hebiah Third,Apartment | 1bed room+Hall,Renew,1257
Al Hebiah Third,Apartment | 2 bed rooms+hall,New,501
Al Hebiah Third,Apartment | 2 bed rooms+hall,Renew,381
Al Hebiah Third,Apartment | 3 bed rooms+hall,New,160
Al Hebiah Third,Apartment | 3 bed rooms+hall,Renew,121
Al Hebiah Third,Apartment | Studio,New,2379
Al Hebiah Third,Apartment | Studio,Renew,1089
Al Hebiah Third,Villa | 2 bed rooms+hall,New,22
Al Hebiah Third,Villa | 2 bed rooms+hall,Renew,10
Al Hebiah Third,Villa | 3 bed rooms+hall,New,932
Al Hebiah Third,Villa | 3 bed rooms+hall,Renew,945
Al Hebiah Third,Villa | 4 bed rooms+hall,New,304
Al Hebiah Third,Villa | 4 bed rooms+hall,Renew,122
Al Hebiah Third,Villa | 5 bed rooms+hall,New,263
Al Hebiah Third,Villa | 5 bed rooms+hall,Renew,139
Al Hebiah Third,Villa | 6 bed rooms+hall,New,34
Al Hebiah Third,Villa | 6 bed rooms+hall,Renew,4
Al Hudaiba,Apartment | 1bed room+Hall,New,596
Al Hudaiba,Apartment | 1bed room+Hall,Renew,1078
Al Hudaiba,Apartment | 2 bed rooms+hall,New,729
Al Hudaiba,Apartment | 2 bed rooms+hall,Renew,1684
Al Hudaiba,Apartment | 3 bed rooms+hall,New,258
Al Hudaiba,Apartment | 3 bed rooms+hall,Renew,644
Al Hudaiba,Apartment | 4 bed rooms+hall,Renew,6
Al Hudaiba,Apartment | Studio,New,158
Al Hudaiba,Apartment | Studio,Renew,161
Al Hudaiba,Villa | 4 bed rooms+hall,New,11
Al Hudaiba,Villa | 4 bed rooms+hall,Renew,9
Al Hudaiba,Villa | 5 bed rooms+hall,New,8
Al Hudaiba,Villa | 5 bed rooms+hall,Renew,35
Al Hudaiba,Villa | 6 bed rooms+hall,New,9
Al Hudaiba,Villa | 6 bed rooms+hall,Renew,4
Al Hudaiba,Villa | 7 bed rooms+hall,New,1
Al Hudaiba,Villa | 7 bed rooms+hall,Renew,2
Al Hudaiba,Villa | 9 bed rooms+hall,New,1
Al Jadaf,Apartment | 1bed room+Hall,New,4261
Al Jadaf,Apartment | 1bed room+Hall,Renew,4512
Al Jadaf,Apartment | 2 bed rooms+hall,New,2781
Al Jadaf,Apartment | 2 bed rooms+hall,Renew,5758
Al Jadaf,Apartment | 3 bed rooms+hall,New,589
Al Jadaf,Apartment | 3 bed rooms+hall,Renew,959
Al Jadaf,Apartment | 4 bed rooms+hall,New,30
Al Jadaf,Apartment | 4 bed rooms+hall,Renew,58
Al Jadaf,Apartment | 5 bed rooms+hall,New,1
Al Jadaf,Apartment | Penthouse,New,3
Al Jadaf,Apartment | Penthouse,Renew,2
Al Jadaf,Apartment | Studio,New,1729
Al Jadaf,Apartment | Studio,Renew,1000
Al Jafliya,Apartment | 1bed room+Hall,New,93
Al Jafliya,Apartment | 1bed room+Hall,Renew,198
Al Jafliya,Apartment | 2 bed rooms+hall,New,119
Al Jafliya,Apartment | 2 bed rooms+hall,Renew,334
Al Jafliya,Apartment | 3 bed rooms+hall,New,90
Al Jafliya,Apartment | 3 bed rooms+hall,Renew,207
Al Jafliya,Apartment | Studio,New,31
Al Jafliya,Apartment | Studio,Renew,27
Al Jafliya,Villa | 10 bed rooms+hall,New,18
Al Jafliya,Villa | 10 bed rooms+hall,Renew,13
Al Jafliya,Villa | 11 bed rooms+hall,New,3
Al Jafliya,Villa | 11 bed rooms+hall,Renew,1
Al Jafliya,Villa | 1bed room+Hall,New,3
Al Jafliya,Villa | 2 bed rooms+hall,New,4
Al Jafliya,Villa | 2 bed rooms+hall,Renew,23
Al Jafliya,Villa | 3 bed rooms+hall,New,29
Al Jafliya,Villa | 3 bed rooms+hall,Renew,81
Al Jafliya,Villa | 4 bed rooms+hall,New,69
Al Jafliya,Villa | 4 bed rooms+hall,Renew,142
Al Jafliya,Villa | 5 bed rooms+hall,New,39
Al Jafliya,Villa | 5 bed rooms+hall,Renew,155
Al Jafliya,Villa | 6 bed rooms+hall,New,27
Al Jafliya,Villa | 6 bed rooms+hall,Renew,12
Al Jafliya,Villa | 7 bed rooms+hall,New,6
Al Jafliya,Villa | 7 bed rooms+hall,Renew,5
Al Jafliya,Villa | 8 bed rooms+hall,New,6
Al Jafliya,Villa | 8 bed rooms+hall,Renew,1
Al Jafliya,Villa | 9 bed rooms+hall,New,6
Al Jafliya,Villa | 9 bed rooms+hall,Renew,1
Al Karama,Apartment | 1bed room+Hall,New,2969
Al Karama,Apartment | 1bed room+Hall,Renew,6796
Al Karama,Apartment | 2 bed rooms+hall,New,4992
Al Karama,Apartment | 2 bed rooms+hall,Renew,14451
Al Karama,Apartment | 3 bed rooms+hall,New,661
Al Karama,Apartment | 3 bed rooms+hall,Renew,2210
Al Karama,Apartment | 4 bed rooms+hall,New,20
Al Karama,Apartment | 4 bed rooms+hall,Renew,128
Al Karama,Apartment | 5 bed rooms+hall,New,11
Al Karama,Apartment | 5 bed rooms+hall,Renew,13
Al Karama,Apartment | Duplex,New,5
Al Karama,Apartment | Duplex,Renew,4
Al Karama,Apartment | Studio,New,1017
Al Karama,Apartment | Studio,Renew,1360
Al Khabeesi,Apartment | 1bed room+Hall,New,64
Al Khabeesi,Apartment | 1bed room+Hall,Renew,67
Al Khabeesi,Apartment | 2 bed rooms+hall,New,31
Al Khabeesi,Apartment | 2 bed rooms+hall,Renew,61
Al Khabeesi,Apartment | 3 bed rooms+hall,New,9
Al Khabeesi,Apartment | 3 bed rooms+hall,Renew,1
Al Khabeesi,Apartment | 4 bed rooms+hall,New,2
Al Khabeesi,Apartment | Studio,New,10
Al Khabeesi,Apartment | Studio,Renew,11
Al Khabeesi,Villa | 3 bed rooms+hall,Renew,1
Al Khabeesi,Villa | 4 bed rooms+hall,Renew,6
Al Khabeesi,Villa | 5 bed rooms+hall,New,1
Al Khabeesi,Villa | 6 bed rooms+hall,New,2
Al Khabeesi,Villa | 6 bed rooms+hall,Renew,4
Al Khairan First,Apartment | 1bed room+Hall,New,2736
Al Khairan First,Apartment | 1bed room+Hall,Renew,1317
Al Khairan First,Apartment | 2 bed rooms+hall,New,2846
Al Khairan First,Apartment | 2 bed rooms+hall,Renew,1545
Al Khairan First,Apartment | 3 bed rooms+hall,New,1074
Al Khairan First,Apartment | 3 bed rooms+hall,Renew,564
Al Khairan First,Apartment | 4 bed rooms+hall,New,57
Al Khairan First,Apartment | 4 bed rooms+hall,Renew,15
Al Khairan First,Apartment | 6 bed rooms+hall,New,1
Al Khairan First,Apartment | 6 bed rooms+hall,Renew,1
Al Khawaneej First,Apartment | 4 bed rooms+hall,Renew,3
Al Khawaneej First,Villa | 10 bed rooms+hall,New,3
Al Khawaneej First,Villa | 11 bed rooms+hall,New,2
Al Khawaneej First,Villa | 1bed room+Hall,New,1
Al Khawaneej First,Villa | 3 bed rooms+hall,New,11
Al Khawaneej First,Villa | 3 bed rooms+hall,Renew,14
Al Khawaneej First,Villa | 4 bed rooms+hall,New,29
Al Khawaneej First,Villa | 4 bed rooms+hall,Renew,45
Al Khawaneej First,Villa | 5 bed rooms+hall,New,76
Al Khawaneej First,Villa | 5 bed rooms+hall,Renew,67
Al Khawaneej First,Villa | 6 bed rooms+hall,New,25
Al Khawaneej First,Villa | 6 bed rooms+hall,Renew,24
Al Khawaneej First,Villa | 7 bed rooms+hall,New,8
Al Khawaneej First,Villa | 7 bed rooms+hall,Renew,4
Al Khawaneej First,Villa | 8 bed rooms+hall,New,2
Al Khawaneej Second,Apartment | 1bed room+Hall,New,11
Al Khawaneej Second,Apartment | 1bed room+Hall,Renew,25
Al Khawaneej Second,Apartment | 2 bed rooms+hall,New,2
Al Khawaneej Second,Apartment | 2 bed rooms+hall,Renew,1
Al Khawaneej Second,Apartment | Studio,New,40
Al Khawaneej Second,Apartment | Studio,Renew,34
Al Khawaneej Second,Villa | 10 bed rooms+hall,New,1
Al Khawaneej Second,Villa | 3 bed rooms+hall,New,22
Al Khawaneej Second,Villa | 3 bed rooms+hall,Renew,9
Al Khawaneej Second,Villa | 4 bed rooms+hall,New,45
Al Khawaneej Second,Villa | 4 bed rooms+hall,Renew,21
Al Khawaneej Second,Villa | 5 bed rooms+hall,New,44
Al Khawaneej Second,Villa | 5 bed rooms+hall,Renew,12
Al Khawaneej Second,Villa | 6 bed rooms+hall,New,19
Al Khawaneej Second,Villa | 6 bed rooms+hall,Renew,10
Al Khawaneej Second,Villa | 7 bed rooms+hall,New,2
Al Khawaneej Second,Villa | 7 bed rooms+hall,Renew,1
Al Kheeran,Apartment | 1bed room+Hall,New,152
Al Kheeran,Apartment | 1bed room+Hall,Renew,271
Al Kheeran,Apartment | 2 bed rooms+hall,New,199
Al Kheeran,Apartment | 2 bed rooms+hall,Renew,451
Al Kheeran,Apartment | 3 bed rooms+hall,New,123
Al Kheeran,Apartment | 3 bed rooms+hall,Renew,377
Al Kheeran,Apartment | 4 bed rooms+hall,New,3
Al Kheeran,Apartment | 4 bed rooms+hall,Renew,10
Al Kheeran,Apartment | Studio,New,46
Al Kheeran,Apartment | Studio,Renew,42
Al Kheeran,Villa | 3 bed rooms+hall,New,5
Al Kheeran,Villa | 3 bed rooms+hall,Renew,4
Al Kheeran,Villa | 4 bed rooms+hall,New,12
Al Kheeran,Villa | 4 bed rooms+hall,Renew,13
Al Kheeran,Villa | 5 bed rooms+hall,New,2
Al Kheeran,Villa | 5 bed rooms+hall,Renew,6
Al Kifaf,Apartment | 1bed room+Hall,New,367
Al Kifaf,Apartment | 1bed room+Hall,Renew,131
Al Kifaf,Apartment | 2 bed rooms+hall,New,505
Al Kifaf,Apartment | 2 bed rooms+hall,Renew,334
Al Kifaf,Apartment | 3 bed rooms+hall,New,47
Al Kifaf,Apartment | 3 bed rooms+hall,Renew,32
Al Kifaf,Apartment | 4 bed rooms+hall,New,2
Al Kifaf,Apartment | 5 bed rooms+hall,New,2
Al Lusaily,Apartment | 1bed room+Hall,New,121
Al Lusaily,Apartment | 1bed room+Hall,Renew,49
Al Lusaily,Apartment | 2 bed rooms+hall,New,27
Al Lusaily,Apartment | 2 bed rooms+hall,Renew,18
Al Lusaily,Apartment | 3 bed rooms+hall,New,3
Al Lusaily,Apartment | Studio,New,98
Al Lusaily,Apartment | Studio,Renew,49
Al Lusaily,Villa | 5 bed rooms+hall,New,3
Al Mamzer,Apartment | 1bed room+Hall,New,901
Al Mamzer,Apartment | 1bed room+Hall,Renew,1657
Al Mamzer,Apartment | 2 bed rooms+hall,New,1681
Al Mamzer,Apartment | 2 bed rooms+hall,Renew,3865
Al Mamzer,Apartment | 3 bed rooms+hall,New,288
Al Mamzer,Apartment | 3 bed rooms+hall,Renew,663
Al Mamzer,Apartment | 4 bed rooms+hall,Renew,3
Al Mamzer,Apartment | 5 bed rooms+hall,New,1
Al Mamzer,Apartment | 5 bed rooms+hall,Renew,3
Al Mamzer,Apartment | Studio,New,200
Al Mamzer,Apartment | Studio,Renew,210
Al Mamzer,Villa | 10 bed rooms+hall,New,1
Al Mamzer,Villa | 2 bed rooms+hall,Renew,3
Al Mamzer,Villa | 3 bed rooms+hall,New,6
Al Mamzer,Villa | 3 bed rooms+hall,Renew,3
Al Mamzer,Villa | 4 bed rooms+hall,New,11
Al Mamzer,Villa | 4 bed rooms+hall,Renew,11
Al Mamzer,Villa | 5 bed rooms+hall,New,9
Al Mamzer,Villa | 5 bed rooms+hall,Renew,11
Al Mamzer,Villa | 6 bed rooms+hall,New,17
Al Mamzer,Villa | 6 bed rooms+hall,Renew,19
Al Mamzer,Villa | 7 bed rooms+hall,New,1
Al Mamzer,Villa | 8 bed rooms+hall,New,5
Al Mamzer,Villa | 8 bed rooms+hall,Renew,4
Al Mamzer,Villa | 9 bed rooms+hall,New,1
Al Mamzer,Villa | 9 bed rooms+hall,Renew,2
Al Manara,Villa | 1bed room+Hall,Renew,3
Al Manara,Villa | 3 bed rooms+hall,New,40
Al Manara,Villa | 3 bed rooms+hall,Renew,187
Al Manara,Villa | 4 bed rooms+hall,New,93
Al Manara,Villa | 4 bed rooms+hall,Renew,355
Al Manara,Villa | 5 bed rooms+hall,New,90
Al Manara,Villa | 5 bed rooms+hall,Renew,294
Al Manara,Villa | 6 bed rooms+hall,New,6
Al Manara,Villa | 6 bed rooms+hall,Renew,25
Al Manara,Villa | 7 bed rooms+hall,New,4
Al Manara,Villa | 7 bed rooms+hall,Renew,5
Al Manara,Villa | 8 bed rooms+hall,New,2
Al Manara,Villa | 8 bed rooms+hall,Renew,1
Al Manara,Villa | Duplex,New,1
Al Manara,Villa | Duplex,Renew,8
Al Mararr,Apartment | 1bed room+Hall,New,3694
Al Mararr,Apartment | 1bed room+Hall,Renew,1869
Al Mararr,Apartment | 2 bed rooms+hall,New,1543
Al Mararr,Apartment | 2 bed rooms+hall,Renew,581
Al Mararr,Apartment | 3 bed rooms+hall,New,71
Al Mararr,Apartment | 3 bed rooms+hall,Renew,106
Al Mararr,Apartment | 4 bed rooms+hall,New,2
Al Mararr,Apartment | 4 bed rooms+hall,Renew,2
Al Mararr,Apartment | Studio,New,5829
Al Mararr,Apartment | Studio,Renew,5582
Al Marmoom,Apartment | Studio,New,21
Al Marmoom,Apartment | Studio,Renew,1
Al Merkadh,Apartment | 1bed room+Hall,New,5052
Al Merkadh,Apartment | 1bed room+Hall,Renew,1154
Al Merkadh,Apartment | 2 bed rooms+hall,New,1785
Al Merkadh,Apartment | 2 bed rooms+hall,Renew,460
Al Merkadh,Apartment | 3 bed rooms+hall,New,371
Al Merkadh,Apartment | 3 bed rooms+hall,Renew,85
Al Merkadh,Apartment | 4 bed rooms+hall,New,11
Al Merkadh,Apartment | 4 bed rooms+hall,Renew,1
Al Merkadh,Apartment | 5 bed rooms+hall,New,1
Al Merkadh,Apartment | Studio,New,4124
Al Merkadh,Apartment | Studio,Renew,394
Al Merkadh,Villa | 4 bed rooms+hall,New,176
Al Merkadh,Villa | 4 bed rooms+hall,Renew,58
Al Merkadh,Villa | 5 bed rooms+hall,New,108
Al Merkadh,Villa | 5 bed rooms+hall,Renew,35
Al Merkadh,Villa | 6 bed rooms+hall,New,24
Al Merkadh,Villa | 6 bed rooms+hall,Renew,12
Al Merkadh,Villa | 7 bed rooms+hall,New,6
Al Merkadh,Villa | 7 bed rooms+hall,Renew,4
Al Merkadh,Villa | 8 bed rooms+hall,New,2
Al Mizhar First,Villa | 10 bed rooms+hall,New,1
Al Mizhar First,Villa | 2 bed rooms+hall,New,4
Al Mizhar First,Villa | 2 bed rooms+hall,Renew,1
Al Mizhar First,Villa | 3 bed rooms+hall,New,23
Al Mizhar First,Villa | 3 bed rooms+hall,Renew,18
Al Mizhar First,Villa | 4 bed rooms+hall,New,32
Al Mizhar First,Villa | 4 bed rooms+hall,Renew,27
Al Mizhar First,Villa | 5 bed rooms+hall,New,40
Al Mizhar First,Villa | 5 bed rooms+hall,Renew,36
Al Mizhar First,Villa | 6 bed rooms+hall,New,22
Al Mizhar First,Villa | 6 bed rooms+hall,Renew,17
Al Mizhar First,Villa | 7 bed rooms+hall,New,6
Al Mizhar First,Villa | 7 bed rooms+hall,Renew,1
Al Mizhar First,Villa | 8 bed rooms+hall,New,1
Al Mizhar First,Villa | 8 bed rooms+hall,Renew,2
Al Mizhar First,Villa | 9 bed rooms+hall,Renew,1
Al Mizhar Second,Villa | 2 bed rooms+hall,New,3
Al Mizhar Second,Villa | 2 bed rooms+hall,Renew,2
Al Mizhar Second,Villa | 3 bed rooms+hall,New,9
Al Mizhar Second,Villa | 3 bed rooms+hall,Renew,19
Al Mizhar Second,Villa | 4 bed rooms+hall,New,5
Al Mizhar Second,Villa | 4 bed rooms+hall,Renew,6
Al Mizhar Second,Villa | 5 bed rooms+hall,New,23
Al Mizhar Second,Villa | 5 bed rooms+hall,Renew,44
Al Mizhar Second,Villa | 6 bed rooms+hall,New,4
Al Mizhar Second,Villa | 6 bed rooms+hall,Renew,2
Al Mizhar Second,Villa | 7 bed rooms+hall,New,1
Al Mizhar Second,Villa | 8 bed rooms+hall,New,3
Al Mizhar Second,Villa | 9 bed rooms+hall,New,1
Al Mizhar Third,Villa | 1bed room+Hall,New,1
Al Mizhar Third,Villa | 2 bed rooms+hall,Renew,3
Al Mizhar Third,Villa | 3 bed rooms+hall,New,4
Al Mizhar Third,Villa | 3 bed rooms+hall,Renew,4
Al Mizhar Third,Villa | 4 bed rooms+hall,New,24
Al Mizhar Third,Villa | 4 bed rooms+hall,Renew,22
Al Mizhar Third,Villa | 5 bed rooms+hall,New,21
Al Mizhar Third,Villa | 5 bed rooms+hall,Renew,16
Al Mizhar Third,Villa | 6 bed rooms+hall,New,7
Al Mizhar Third,Villa | 6 bed rooms+hall,Renew,4
Al Mizhar Third,Villa | 7 bed rooms+hall,New,3
Al Murqabat,Apartment | 1bed room+Hall,New,4160
Al Murqabat,Apartment | 1bed room+Hall,Renew,5050
Al Murqabat,Apartment | 2 bed rooms+hall,New,4232
Al Murqabat,Apartment | 2 bed rooms+hall,Renew,7676
Al Murqabat,Apartment | 3 bed rooms+hall,New,1688
Al Murqabat,Apartment | 3 bed rooms+hall,Renew,3655
Al Murqabat,Apartment | 4 bed rooms+hall,New,80
Al Murqabat,Apartment | 4 bed rooms+hall,Renew,117
Al Murqabat,Apartment | 5 bed rooms+hall,New,4
Al Murqabat,Apartment | 5 bed rooms+hall,Renew,18
Al Murqabat,Apartment | Studio,New,805
Al Murqabat,Apartment | Studio,Renew,1344
Al Murqabat,Villa | 1bed room+Hall,New,2
Al Murqabat,Villa | 1bed room+Hall,Renew,1
Al Murqabat,Villa | 2 bed rooms+hall,New,2
Al Murqabat,Villa | 2 bed rooms+hall,Renew,1
Al Murqabat,Villa | 3 bed rooms+hall,New,1
Al Murqabat,Villa | 3 bed rooms+hall,Renew,1
Al Murqabat,Villa | 4 bed rooms+hall,New,3
Al Murqabat,Villa | 4 bed rooms+hall,Renew,4
Al Murqabat,Villa | 5 bed rooms+hall,New,2
Al Murqabat,Villa | 6 bed rooms+hall,New,1
Al Murqabat,Villa | 6 bed rooms+hall,Renew,1
Al Muteena,Apartment | 1bed room+Hall,New,2432
Al Muteena,Apartment | 1bed room+Hall,Renew,3973
Al Muteena,Apartment | 2 bed rooms+hall,New,1300
Al Muteena,Apartment | 2 bed rooms+hall,Renew,2502
Al Muteena,Apartment | 3 bed rooms+hall,New,278
Al Muteena,Apartment | 3 bed rooms+hall,Renew,538
Al Muteena,Apartment | 4 bed rooms+hall,New,2
Al Muteena,Apartment | 4 bed rooms+hall,Renew,4
Al Muteena,Apartment | 5 bed rooms+hall,New,2
Al Muteena,Apartment | Studio,New,1569
Al Muteena,Apartment | Studio,Renew,2003
Al Muteena,Villa | 10 bed rooms+hall,New,9
Al Muteena,Villa | 10 bed rooms+hall,Renew,3
Al Muteena,Villa | 11 bed rooms+hall,New,3
Al Muteena,Villa | 11 bed rooms+hall,Renew,1
Al Muteena,Villa | 15 bed room+hall,New,1
Al Muteena,Villa | 2 bed rooms+hall,New,10
Al Muteena,Villa | 2 bed rooms+hall,Renew,16
Al Muteena,Villa | 3 bed rooms+hall,New,25
Al Muteena,Villa | 3 bed rooms+hall,Renew,67
Al Muteena,Villa | 4 bed rooms+hall,New,33
Al Muteena,Villa | 4 bed rooms+hall,Renew,59
Al Muteena,Villa | 5 bed rooms+hall,New,17
Al Muteena,Villa | 5 bed rooms+hall,Renew,20
Al Muteena,Villa | 6 bed rooms+hall,New,5
Al Muteena,Villa | 6 bed rooms+hall,Renew,4
Al Muteena,Villa | 7 bed rooms+hall,New,1
Al Muteena,Villa | 8 bed rooms+hall,New,9
Al Muteena,Villa | 8 bed rooms+hall,Renew,3
Al Muteena,Villa | 9 bed rooms+hall,New,1
Al Nahda First,Apartment | 1bed room+Hall,New,4137
Al Nahda First,Apartment | 1bed room+Hall,Renew,7342
Al Nahda First,Apartment | 2 bed rooms+hall,New,4376
Al Nahda First,Apartment | 2 bed rooms+hall,Renew,10298
Al Nahda First,Apartment | 3 bed rooms+hall,New,947
Al Nahda First,Apartment | 3 bed rooms+hall,Renew,2122
Al Nahda First,Apartment | 4 bed rooms+hall,New,48
Al Nahda First,Apartment | 4 bed rooms+hall,Renew,33
Al Nahda First,Apartment | 5 bed rooms+hall,New,1
Al Nahda First,Apartment | 5 bed rooms+hall,Renew,8
Al Nahda First,Apartment | Duplex,Renew,3
Al Nahda First,Apartment | Studio,New,671
Al Nahda First,Apartment | Studio,Renew,894
Al Nahda Second,Apartment | 1bed room+Hall,New,6445
Al Nahda Second,Apartment | 1bed room+Hall,Renew,11210
Al Nahda Second,Apartment | 2 bed rooms+hall,New,7453
Al Nahda Second,Apartment | 2 bed rooms+hall,Renew,15813
Al Nahda Second,Apartment | 3 bed rooms+hall,New,541
Al Nahda Second,Apartment | 3 bed rooms+hall,Renew,1328
Al Nahda Second,Apartment | 4 bed rooms+hall,New,34
Al Nahda Second,Apartment | 4 bed rooms+hall,Renew,93
Al Nahda Second,Apartment | Penthouse,Renew,3
Al Nahda Second,Apartment | Studio,New,425
Al Nahda Second,Apartment | Studio,Renew,555
Al Nahda Second,Villa | 2 bed rooms+hall,Renew,3
Al Qoaz,Apartment | Studio,New,1
Al Qoaz,Villa | 5 bed rooms+hall,New,2
Al Qoaz,Villa | 5 bed rooms+hall,Renew,1
Al Qoaz,Villa | 6 bed rooms+hall,New,3
Al Qusais Industrial Fifth,Apartment | 1bed room+Hall,New,3214
Al Qusais Industrial Fifth,Apartment | 1bed room+Hall,Renew,2410
Al Qusais Industrial Fifth,Apartment | 2 bed rooms+hall,New,4015
Al Qusais Industrial Fifth,Apartment | 2 bed rooms+hall,Renew,2937
Al Qusais Industrial Fifth,Apartment | 3 bed rooms+hall,New,888
Al Qusais Industrial Fifth,Apartment | 3 bed rooms+hall,Renew,602
Al Qusais Industrial Fifth,Apartment | 4 bed rooms+hall,Renew,8
Al Qusais Industrial Fifth,Apartment | Studio,New,401
Al Qusais Industrial Fifth,Apartment | Studio,Renew,270
Al Qusais Industrial First,Apartment | 1bed room+Hall,New,683
Al Qusais Industrial First,Apartment | 1bed room+Hall,Renew,737
Al Qusais Industrial First,Apartment | 2 bed rooms+hall,New,544
Al Qusais Industrial First,Apartment | 2 bed rooms+hall,Renew,825
Al Qusais Industrial First,Apartment | 3 bed rooms+hall,New,40
Al Qusais Industrial First,Apartment | 3 bed rooms+hall,Renew,34
Al Qusais Industrial First,Apartment | 4 bed rooms+hall,New,4
Al Qusais Industrial First,Apartment | 4 bed rooms+hall,Renew,2
Al Qusais Industrial First,Apartment | Studio,New,547
Al Qusais Industrial First,Apartment | Studio,Renew,448
Al Qusais Industrial Fourth,Apartment | 1bed room+Hall,New,358
Al Qusais Industrial Fourth,Apartment | 1bed room+Hall,Renew,486
Al Qusais Industrial Fourth,Apartment | 2 bed rooms+hall,New,583
Al Qusais Industrial Fourth,Apartment | 2 bed rooms+hall,Renew,890
Al Qusais Industrial Fourth,Apartment | 3 bed rooms+hall,New,73
Al Qusais Industrial Fourth,Apartment | 3 bed rooms+hall,Renew,71
Al Qusais Industrial Fourth,Apartment | Studio,New,17
Al Qusais Industrial Fourth,Apartment | Studio,Renew,12
Al Qusais Industrial Second,Apartment | 1bed room+Hall,New,191
Al Qusais Industrial Second,Apartment | 1bed room+Hall,Renew,447
Al Qusais Industrial Second,Apartment | 2 bed rooms+hall,New,292
Al Qusais Industrial Second,Apartment | 2 bed rooms+hall,Renew,887
Al Qusais Industrial Second,Apartment | 3 bed rooms+hall,New,28
Al Qusais Industrial Second,Apartment | 3 bed rooms+hall,Renew,215
Al Qusais Industrial Second,Apartment | Studio,New,18
Al Qusais Industrial Second,Apartment | Studio,Renew,40
Al Qusais Industrial Third,Apartment | 1bed room+Hall,New,140
Al Qusais Industrial Third,Apartment | 1bed room+Hall,Renew,258
Al Qusais Industrial Third,Apartment | 2 bed rooms+hall,New,249
Al Qusais Industrial Third,Apartment | 2 bed rooms+hall,Renew,446
Al Qusais Industrial Third,Apartment | 3 bed rooms+hall,New,9
Al Qusais Industrial Third,Apartment | 3 bed rooms+hall,Renew,10
Al Raffa,Apartment | 1bed room+Hall,New,3320
Al Raffa,Apartment | 1bed room+Hall,Renew,5309
Al Raffa,Apartment | 2 bed rooms+hall,New,2637
Al Raffa,Apartment | 2 bed rooms+hall,Renew,5573
Al Raffa,Apartment | 3 bed rooms+hall,New,398
Al Raffa,Apartment | 3 bed rooms+hall,Renew,1442
Al Raffa,Apartment | 4 bed rooms+hall,New,15
Al Raffa,Apartment | 4 bed rooms+hall,Renew,57
Al Raffa,Apartment | 5 bed rooms+hall,New,1
Al Raffa,Apartment | 5 bed rooms+hall,Renew,2
Al Raffa,Apartment | 6 bed rooms+hall,New,2
Al Raffa,Apartment | Duplex,New,31
Al Raffa,Apartment | Duplex,Renew,127
Al Raffa,Apartment | Penthouse,New,1
Al Raffa,Apartment | Penthouse,Renew,2
Al Raffa,Apartment | Studio,New,1082
Al Raffa,Apartment | Studio,Renew,1854
Al Raffa,Villa | 1bed room+Hall,New,2
Al Raffa,Villa | 2 bed rooms+hall,New,1
Al Raffa,Villa | 3 bed rooms+hall,Renew,3
Al Raffa,Villa | 4 bed rooms+hall,New,2
Al Raffa,Villa | 4 bed rooms+hall,Renew,5
Al Raffa,Villa | 5 bed rooms+hall,New,1
Al Raffa,Villa | 5 bed rooms+hall,Renew,2
Al Raffa,Villa | 6 bed rooms+hall,New,2
Al Raffa,Villa | 6 bed rooms+hall,Renew,2
Al Raffa,Villa | 7 bed rooms+hall,New,1
Al Raffa,Villa | 9 bed rooms+hall,New,1
Al Ras,Apartment | 1bed room+Hall,New,369
Al Ras,Apartment | 1bed room+Hall,Renew,534
Al Ras,Apartment | 2 bed rooms+hall,New,241
Al Ras,Apartment | 2 bed rooms+hall,Renew,611
Al Ras,Apartment | 3 bed rooms+hall,New,64
Al Ras,Apartment | 3 bed rooms+hall,Renew,114
Al Ras,Apartment | 4 bed rooms+hall,Renew,5
Al Ras,Apartment | Studio,New,275
Al Ras,Apartment | Studio,Renew,495
Al Ras,Villa | 2 bed rooms+hall,Renew,3
Al Ras,Villa | 6 bed rooms+hall,New,1
Al Ras,Villa | 6 bed rooms+hall,Renew,1
Al Rashidiya,Apartment | 1bed room+Hall,New,66
Al Rashidiya,Apartment | 1bed room+Hall,Renew,232
Al Rashidiya,Apartment | 2 bed rooms+hall,New,48
Al Rashidiya,Apartment | 2 bed rooms+hall,Renew,162
Al Rashidiya,Apartment | 4 bed rooms+hall,New,2
Al Rashidiya,Apartment | 4 bed rooms+hall,Renew,1
Al Rashidiya,Apartment | Studio,New,209
Al Rashidiya,Apartment | Studio,Renew,439
Al Rashidiya,Villa | 10 bed rooms+hall,New,11
Al Rashidiya,Villa | 10 bed rooms+hall,Renew,6
Al Rashidiya,Villa | 11 bed rooms+hall,New,1
Al Rashidiya,Villa | 1bed room+Hall,New,4
Al Rashidiya,Villa | 1bed room+Hall,Renew,8
Al Rashidiya,Villa | 2 bed rooms+hall,New,65
Al Rashidiya,Villa | 2 bed rooms+hall,Renew,108
Al Rashidiya,Villa | 3 bed rooms+hall,New,184
Al Rashidiya,Villa | 3 bed rooms+hall,Renew,413
Al Rashidiya,Villa | 4 bed rooms+hall,New,147
Al Rashidiya,Villa | 4 bed rooms+hall,Renew,284
Al Rashidiya,Villa | 5 bed rooms+hall,New,89
Al Rashidiya,Villa | 5 bed rooms+hall,Renew,123
Al Rashidiya,Villa | 6 bed rooms+hall,New,53
Al Rashidiya,Villa | 6 bed rooms+hall,Renew,61
Al Rashidiya,Villa | 7 bed rooms+hall,New,29
Al Rashidiya,Villa | 7 bed rooms+hall,Renew,17
Al Rashidiya,Villa | 8 bed rooms+hall,New,15
Al Rashidiya,Villa | 8 bed rooms+hall,Renew,10
Al Rashidiya,Villa | 9 bed rooms+hall,New,6
Al Rashidiya,Villa | 9 bed rooms+hall,Renew,1
Al Rega,Apartment | 1bed room+Hall,New,425
Al Rega,Apartment | 1bed room+Hall,Renew,802
Al Rega,Apartment | 2 bed rooms+hall,New,602
Al Rega,Apartment | 2 bed rooms+hall,Renew,1358
Al Rega,Apartment | 3 bed rooms+hall,New,442
Al Rega,Apartment | 3 bed rooms+hall,Renew,1173
Al Rega,Apartment | 4 bed rooms+hall,New,14
Al Rega,Apartment | 4 bed rooms+hall,Renew,59
Al Rega,Apartment | 5 bed rooms+hall,New,2
Al Rega,Apartment | 5 bed rooms+hall,Renew,1
Al Rega,Apartment | Duplex,New,1
Al Rega,Apartment | Duplex,Renew,4
Al Rega,Apartment | Studio,New,433
Al Rega,Apartment | Studio,Renew,786
Al Rega,Villa | 6 bed rooms+hall,New,1
Al Rowaiyah First,Apartment | 1bed room+Hall,New,7
Al Rowaiyah First,Apartment | 1bed room+Hall,Renew,7
Al Rowaiyah First,Apartment | 2 bed rooms+hall,New,42
Al Rowaiyah First,Apartment | 2 bed rooms+hall,Renew,11
Al Rowaiyah First,Apartment | Studio,New,462
Al Rowaiyah First,Apartment | Studio,Renew,116
Al Rowaiyah Third,Apartment | 1bed room+Hall,New,8
Al Rowaiyah Third,Apartment | 1bed room+Hall,Renew,26
Al Rowaiyah Third,Apartment | 2 bed rooms+hall,New,12
Al Rowaiyah Third,Apartment | 2 bed rooms+hall,Renew,16
Al Rowaiyah Third,Villa | 2 bed rooms+hall,New,57
Al Rowaiyah Third,Villa | 2 bed rooms+hall,Renew,25
Al Rowaiyah Third,Villa | 3 bed rooms+hall,New,98
Al Rowaiyah Third,Villa | 3 bed rooms+hall,Renew,70
Al Rowaiyah Third,Villa | 4 bed rooms+hall,New,9
Al Rowaiyah Third,Villa | 4 bed rooms+hall,Renew,7
Al Rowaiyah Third,Villa | 5 bed rooms+hall,New,36
Al Rowaiyah Third,Villa | 5 bed rooms+hall,Renew,48
Al Rowaiyah Third,Villa | 6 bed rooms+hall,New,2
Al Rowaiyah Third,Villa | 6 bed rooms+hall,Renew,1
Al Sabkha,Apartment | 1bed room+Hall,New,48
Al Sabkha,Apartment | 1bed room+Hall,Renew,91
Al Sabkha,Apartment | 2 bed rooms+hall,New,63
Al Sabkha,Apartment | 2 bed rooms+hall,Renew,162
Al Sabkha,Apartment | 3 bed rooms+hall,New,29
Al Sabkha,Apartment | 3 bed rooms+hall,Renew,79
Al Sabkha,Apartment | Studio,New,55
Al Sabkha,Apartment | Studio,Renew,102
Al Saffa First,Apartment | 1bed room+Hall,New,504
Al Saffa First,Apartment | 1bed room+Hall,Renew,900
Al Saffa First,Apartment | 2 bed rooms+hall,New,154
Al Saffa First,Apartment | 2 bed rooms+hall,Renew,467
Al Saffa First,Apartment | 3 bed rooms+hall,New,10
Al Saffa First,Apartment | 3 bed rooms+hall,Renew,76
Al Saffa First,Villa | 2 bed rooms+hall,New,1
Al Saffa First,Villa | 2 bed rooms+hall,Renew,2
Al Saffa First,Villa | 3 bed rooms+hall,New,9
Al Saffa First,Villa | 3 bed rooms+hall,Renew,53
Al Saffa First,Villa | 4 bed rooms+hall,New,130
Al Saffa First,Villa | 4 bed rooms+hall,Renew,870
Al Saffa First,Villa | 5 bed rooms+hall,New,10
Al Saffa First,Villa | 5 bed rooms+hall,Renew,43
Al Saffa First,Villa | 6 bed rooms+hall,New,1
Al Saffa First,Villa | 6 bed rooms+hall,Renew,14
Al Saffa First,Villa | 7 bed rooms+hall,Renew,2
Al Saffa Second,Apartment | 1bed room+Hall,New,24
Al Saffa Second,Apartment | 1bed room+Hall,Renew,90
Al Saffa Second,Apartment | 2 bed rooms+hall,New,4
Al Saffa Second,Apartment | 2 bed rooms+hall,Renew,15
Al Saffa Second,Apartment | Studio,New,21
Al Saffa Second,Apartment | Studio,Renew,67
Al Saffa Second,Villa | 10 bed rooms+hall,New,1
Al Saffa Second,Villa | 2 bed rooms+hall,New,1
Al Saffa Second,Villa | 3 bed rooms+hall,New,38
Al Saffa Second,Villa | 3 bed rooms+hall,Renew,143
Al Saffa Second,Villa | 4 bed rooms+hall,New,90
Al Saffa Second,Villa | 4 bed rooms+hall,Renew,375
Al Saffa Second,Villa | 5 bed rooms+hall,New,41
Al Saffa Second,Villa | 5 bed rooms+hall,Renew,157
Al Saffa Second,Villa | 6 bed rooms+hall,New,12
Al Saffa Second,Villa | 6 bed rooms+hall,Renew,19
Al Saffa Second,Villa | 7 bed rooms+hall,New,1
Al Saffa Second,Villa | 7 bed rooms+hall,Renew,4
Al Saffa Second,Villa | 8 bed rooms+hall,New,3
Al Saffa Second,Villa | 8 bed rooms+hall,Renew,2
Al Safouh First,Apartment | 1bed room+Hall,New,359
Al Safouh First,Apartment | 1bed room+Hall,Renew,456
Al Safouh First,Apartment | 2 bed rooms+hall,New,268
Al Safouh First,Apartment | 2 bed rooms+hall,Renew,642
Al Safouh First,Apartment | 3 bed rooms+hall,New,31
Al Safouh First,Apartment | 3 bed rooms+hall,Renew,75
Al Safouh First,Apartment | Studio,New,233
Al Safouh First,Apartment | Studio,Renew,204
Al Safouh First,Villa | 3 bed rooms+hall,New,24
Al Safouh First,Villa | 3 bed rooms+hall,Renew,299
Al Safouh First,Villa | 4 bed rooms+hall,New,54
Al Safouh First,Villa | 4 bed rooms+hall,Renew,315
Al Safouh First,Villa | 5 bed rooms+hall,New,18
Al Safouh First,Villa | 5 bed rooms+hall,Renew,31
Al Safouh Second,Apartment | 1bed room+Hall,New,101
Al Safouh Second,Apartment | 1bed room+Hall,Renew,205
Al Safouh Second,Apartment | 2 bed rooms+hall,New,103
Al Safouh Second,Apartment | 2 bed rooms+hall,Renew,310
Al Safouh Second,Apartment | 3 bed rooms+hall,New,37
Al Safouh Second,Apartment | 3 bed rooms+hall,Renew,161
Al Safouh Second,Apartment | 4 bed rooms+hall,New,7
Al Safouh Second,Apartment | 4 bed rooms+hall,Renew,27
Al Safouh Second,Apartment | Duplex,New,1
Al Safouh Second,Apartment | Duplex,Renew,5
Al Safouh Second,Villa | 2 bed rooms+hall,New,4
Al Safouh Second,Villa | 2 bed rooms+hall,Renew,44
Al Safouh Second,Villa | 3 bed rooms+hall,New,37
Al Safouh Second,Villa | 3 bed rooms+hall,Renew,328
Al Safouh Second,Villa | 4 bed rooms+hall,New,45
Al Safouh Second,Villa | 4 bed rooms+hall,Renew,255
Al Satwa,Apartment | 10 bed rooms+hall,New,2
Al Satwa,Apartment | 10 bed rooms+hall,Renew,2
Al Satwa,Apartment | 1bed room+Hall,New,2789
Al Satwa,Apartment | 1bed room+Hall,Renew,4037
Al Satwa,Apartment | 2 bed rooms+hall,New,2357
Al Satwa,Apartment | 2 bed rooms+hall,Renew,3231
Al Satwa,Apartment | 3 bed rooms+hall,New,234
Al Satwa,Apartment | 3 bed rooms+hall,Renew,426
Al Satwa,Apartment | 4 bed rooms+hall,New,3
Al Satwa,Apartment | 4 bed rooms+hall,Renew,3
Al Satwa,Apartment | Penthouse,New,1
Al Satwa,Apartment | Studio,New,516
Al Satwa,Apartment | Studio,Renew,600
Al Satwa,Villa | 10 bed rooms+hall,New,29
Al Satwa,Villa | 10 bed rooms+hall,Renew,5
Al Satwa,Villa | 11 bed rooms+hall,New,3
Al Satwa,Villa | 11 bed rooms+hall,Renew,2
Al Satwa,Villa | 1bed room+Hall,New,1
Al Satwa,Villa | 1bed room+Hall,Renew,2
Al Satwa,Villa | 2 bed rooms+hall,New,56
Al Satwa,Villa | 2 bed rooms+hall,Renew,84
Al Satwa,Villa | 3 bed rooms+hall,New,17
Al Satwa,Villa | 3 bed rooms+hall,Renew,36
Al Satwa,Villa | 4 bed rooms+hall,New,17
Al Satwa,Villa | 4 bed rooms+hall,Renew,75
Al Satwa,Villa | 5 bed rooms+hall,New,32
Al Satwa,Villa | 5 bed rooms+hall,Renew,29
Al Satwa,Villa | 6 bed rooms+hall,New,12
Al Satwa,Villa | 6 bed rooms+hall,Renew,10
Al Satwa,Villa | 7 bed rooms+hall,New,17
Al Satwa,Villa | 7 bed rooms+hall,Renew,11
Al Satwa,Villa | 8 bed rooms+hall,New,7
Al Satwa,Villa | 8 bed rooms+hall,Renew,10
Al Satwa,Villa | 9 bed rooms+hall,New,17
Al Satwa,Villa | 9 bed rooms+hall,Renew,3
Al Suq Al Kabeer,Apartment | 1bed room+Hall,New,2841
Al Suq Al Kabeer,Apartment | 1bed room+Hall,Renew,4051
Al Suq Al Kabeer,Apartment | 2 bed rooms+hall,New,1383
Al Suq Al Kabeer,Apartment | 2 bed rooms+hall,Renew,2979
Al Suq Al Kabeer,Apartment | 3 bed rooms+hall,New,337
Al Suq Al Kabeer,Apartment | 3 bed rooms+hall,Renew,574
Al Suq Al Kabeer,Apartment | 4 bed rooms+hall,New,9
Al Suq Al Kabeer,Apartment | 4 bed rooms+hall,Renew,35
Al Suq Al Kabeer,Apartment | Studio,New,3122
Al Suq Al Kabeer,Apartment | Studio,Renew,3871
Al Suq Al Kabeer,Villa | 1bed room+Hall,Renew,1
Al Suq Al Kabeer,Villa | 2 bed rooms+hall,New,1
Al Suq Al Kabeer,Villa | 2 bed rooms+hall,Renew,1
Al Suq Al Kabeer,Villa | 9 bed rooms+hall,New,1
Al Thanayah Fourth,Villa | 10 bed rooms+hall,New,1
Al Thanayah Fourth,Villa | 10 bed rooms+hall,Renew,3
Al Thanayah Fourth,Villa | 11 bed rooms+hall,New,1
Al Thanayah Fourth,Villa | 1bed room+Hall,New,1
Al Thanayah Fourth,Villa | 1bed room+Hall,Renew,1
Al Thanayah Fourth,Villa | 2 bed rooms+hall,New,1339
Al Thanayah Fourth,Villa | 2 bed rooms+hall,Renew,1920
Al Thanayah Fourth,Villa | 3 bed rooms+hall,New,1378
Al Thanayah Fourth,Villa | 3 bed rooms+hall,Renew,2547
Al Thanayah Fourth,Villa | 4 bed rooms+hall,New,286
Al Thanayah Fourth,Villa | 4 bed rooms+hall,Renew,486
Al Thanayah Fourth,Villa | 5 bed rooms+hall,New,235
Al Thanayah Fourth,Villa | 5 bed rooms+hall,Renew,369
Al Thanayah Fourth,Villa | 6 bed rooms+hall,New,44
Al Thanayah Fourth,Villa | 6 bed rooms+hall,Renew,55
Al Thanayah Fourth,Villa | 7 bed rooms+hall,New,11
Al Thanayah Fourth,Villa | 7 bed rooms+hall,Renew,5
Al Thanayah Fourth,Villa | 8 bed rooms+hall,New,4
Al Thanayah Fourth,Villa | 8 bed rooms+hall,Renew,3
Al Thanyah Fifth,Apartment | 1bed room+Hall,New,6433
Al Thanyah Fifth,Apartment | 1bed room+Hall,Renew,5264
Al Thanyah Fifth,Apartment | 2 bed rooms+hall,New,3478
Al Thanyah Fifth,Apartment | 2 bed rooms+hall,Renew,3734
Al Thanyah Fifth,Apartment | 3 bed rooms+hall,New,763
Al Thanyah Fifth,Apartment | 3 bed rooms+hall,Renew,1095
Al Thanyah Fifth,Apartment | 4 bed rooms+hall,New,33
Al Thanyah Fifth,Apartment | 4 bed rooms+hall,Renew,54
Al Thanyah Fifth,Apartment | 5 bed rooms+hall,New,21
Al Thanyah Fifth,Apartment | 5 bed rooms+hall,Renew,25
Al Thanyah Fifth,Apartment | Duplex,New,1
Al Thanyah Fifth,Apartment | Duplex,Renew,2
Al Thanyah Fifth,Apartment | Penthouse,New,3
Al Thanyah Fifth,Apartment | Penthouse,Renew,3
Al Thanyah Fifth,Apartment | Studio,New,2575
Al Thanyah Fifth,Apartment | Studio,Renew,1760
Al Thanyah Fifth,Villa | 2 bed rooms+hall,Renew,3
Al Thanyah Fifth,Villa | 3 bed rooms+hall,New,581
Al Thanyah Fifth,Villa | 3 bed rooms+hall,Renew,820
Al Thanyah Fifth,Villa | 4 bed rooms+hall,New,763
Al Thanyah Fifth,Villa | 4 bed rooms+hall,Renew,921
Al Thanyah Fifth,Villa | 5 bed rooms+hall,New,203
Al Thanyah Fifth,Villa | 5 bed rooms+hall,Renew,246
Al Thanyah Fifth,Villa | 6 bed rooms+hall,New,2
Al Thanyah Fifth,Villa | 8 bed rooms+hall,New,2
Al Thanyah First,Apartment | 1bed room+Hall,New,3150
Al Thanyah First,Apartment | 1bed room+Hall,Renew,4790
Al Thanyah First,Apartment | 2 bed rooms+hall,New,2900
Al Thanyah First,Apartment | 2 bed rooms+hall,Renew,5318
Al Thanyah First,Apartment | 3 bed rooms+hall,New,244
Al Thanyah First,Apartment | 3 bed rooms+hall,Renew,701
Al Thanyah First,Apartment | 4 bed rooms+hall,New,11
Al Thanyah First,Apartment | 4 bed rooms+hall,Renew,11
Al Thanyah First,Apartment | Duplex,New,3
Al Thanyah First,Apartment | Duplex,Renew,10
Al Thanyah First,Apartment | Penthouse,New,37
Al Thanyah First,Apartment | Penthouse,Renew,36
Al Thanyah First,Apartment | Studio,New,559
Al Thanyah First,Apartment | Studio,Renew,563
Al Thanyah Third,Apartment | 1bed room+Hall,New,2789
Al Thanyah Third,Apartment | 1bed room+Hall,Renew,3115
Al Thanyah Third,Apartment | 2 bed rooms+hall,New,1733
Al Thanyah Third,Apartment | 2 bed rooms+hall,Renew,2533
Al Thanyah Third,Apartment | 3 bed rooms+hall,New,583
Al Thanyah Third,Apartment | 3 bed rooms+hall,Renew,925
Al Thanyah Third,Apartment | 4 bed rooms+hall,New,21
Al Thanyah Third,Apartment | 4 bed rooms+hall,Renew,43
Al Thanyah Third,Apartment | 5 bed rooms+hall,New,2
Al Thanyah Third,Apartment | 5 bed rooms+hall,Renew,2
Al Thanyah Third,Apartment | Studio,New,505
Al Thanyah Third,Apartment | Studio,Renew,350
Al Thanyah Third,Villa | 1bed room+Hall,New,6
Al Thanyah Third,Villa | 1bed room+Hall,Renew,8
Al Thanyah Third,Villa | 2 bed rooms+hall,New,4
Al Thanyah Third,Villa | 2 bed rooms+hall,Renew,12
Al Thanyah Third,Villa | 3 bed rooms+hall,New,286
Al Thanyah Third,Villa | 3 bed rooms+hall,Renew,580
Al Thanyah Third,Villa | 4 bed rooms+hall,New,66
Al Thanyah Third,Villa | 4 bed rooms+hall,Renew,264
Al Thanyah Third,Villa | 5 bed rooms+hall,New,29
Al Thanyah Third,Villa | 5 bed rooms+hall,Renew,36
Al Thanyah Third,Villa | 6 bed rooms+hall,New,4
Al Thanyah Third,Villa | 6 bed rooms+hall,Renew,5
Al Thanyah Third,Villa | 7 bed rooms+hall,New,4
Al Ttay,Apartment | 1bed room+Hall,New,18
Al Ttay,Apartment | 2 bed rooms+hall,New,8
Al Ttay,Apartment | 3 bed rooms+hall,New,7
Al Twar First,Apartment | 1bed room+Hall,New,217
Al Twar First,Apartment | 1bed room+Hall,Renew,450
Al Twar First,Apartment | 2 bed rooms+hall,New,153
Al Twar First,Apartment | 2 bed rooms+hall,Renew,557
Al Twar First,Apartment | 3 bed rooms+hall,New,4
Al Twar First,Apartment | 3 bed rooms+hall,Renew,20
Al Twar First,Apartment | Studio,New,20
Al Twar First,Apartment | Studio,Renew,31
Al Twar First,Villa | 10 bed rooms+hall,New,2
Al Twar First,Villa | 10 bed rooms+hall,Renew,1
Al Twar First,Villa | 15 bed room+hall,New,1
Al Twar First,Villa | 2 bed rooms+hall,New,6
Al Twar First,Villa | 2 bed rooms+hall,Renew,28
Al Twar First,Villa | 3 bed rooms+hall,New,17
Al Twar First,Villa | 3 bed rooms+hall,Renew,32
Al Twar First,Villa | 4 bed rooms+hall,New,28
Al Twar First,Villa | 4 bed rooms+hall,Renew,59
Al Twar First,Villa | 5 bed rooms+hall,New,16
Al Twar First,Villa | 5 bed rooms+hall,Renew,32
Al Twar First,Villa | 6 bed rooms+hall,New,3
Al Twar First,Villa | 6 bed rooms+hall,Renew,3
Al Twar First,Villa | 7 bed rooms+hall,New,8
Al Twar First,Villa | 7 bed rooms+hall,Renew,5
Al Twar First,Villa | 8 bed rooms+hall,New,8
Al Twar First,Villa | 8 bed rooms+hall,Renew,5
Al Twar First,Villa | 9 bed rooms+hall,New,1
Al Twar First,Villa | 9 bed rooms+hall,Renew,2
Al Twar Fourth,Apartment | 3 bed rooms+hall,Renew,3
Al Twar Fourth,Villa | 10 bed rooms+hall,New,2
Al Twar Fourth,Villa | 10 bed rooms+hall,Renew,2
Al Twar Fourth,Villa | 1bed room+Hall,New,2
Al Twar Fourth,Villa | 1bed room+Hall,Renew,3
Al Twar Fourth,Villa | 2 bed rooms+hall,New,5
Al Twar Fourth,Villa | 2 bed rooms+hall,Renew,5
Al Twar Fourth,Villa | 3 bed rooms+hall,New,14
Al Twar Fourth,Villa | 3 bed rooms+hall,Renew,7
Al Twar Fourth,Villa | 4 bed rooms+hall,New,12
Al Twar Fourth,Villa | 4 bed rooms+hall,Renew,15
Al Twar Fourth,Villa | 5 bed rooms+hall,New,12
Al Twar Fourth,Villa | 5 bed rooms+hall,Renew,12
Al Twar Fourth,Villa | 6 bed rooms+hall,New,6
Al Twar Fourth,Villa | 6 bed rooms+hall,Renew,4
Al Twar Fourth,Villa | 7 bed rooms+hall,New,5
Al Twar Fourth,Villa | 7 bed rooms+hall,Renew,3
Al Twar Fourth,Villa | 8 bed rooms+hall,New,7
Al Twar Fourth,Villa | 8 bed rooms+hall,Renew,3
Al Twar Second,Villa | 2 bed rooms+hall,New,4
Al Twar Second,Villa | 2 bed rooms+hall,Renew,1
Al Twar Second,Villa | 3 bed rooms+hall,New,5
Al Twar Second,Villa | 3 bed rooms+hall,Renew,4
Al Twar Second,Villa | 4 bed rooms+hall,New,8
Al Twar Second,Villa | 4 bed rooms+hall,Renew,4
Al Twar Second,Villa | 5 bed rooms+hall,New,5
Al Twar Second,Villa | 5 bed rooms+hall,Renew,16
Al Twar Second,Villa | 6 bed rooms+hall,New,4
Al Twar Second,Villa | 6 bed rooms+hall,Renew,10
Al Twar Second,Villa | 7 bed rooms+hall,New,2
Al Twar Second,Villa | 7 bed rooms+hall,Renew,7
Al Twar Third,Villa | 10 bed rooms+hall,New,2
Al Twar Third,Villa | 2 bed rooms+hall,New,1
Al Twar Third,Villa | 2 bed rooms+hall,Renew,1
Al Twar Third,Villa | 3 bed rooms+hall,New,4
Al Twar Third,Villa | 3 bed rooms+hall,Renew,7
Al Twar Third,Villa | 4 bed rooms+hall,New,9
Al Twar Third,Villa | 4 bed rooms+hall,Renew,16
Al Twar Third,Villa | 5 bed rooms+hall,New,12
Al Twar Third,Villa | 5 bed rooms+hall,Renew,30
Al Twar Third,Villa | 6 bed rooms+hall,New,7
Al Twar Third,Villa | 6 bed rooms+hall,Renew,9
Al Twar Third,Villa | 7 bed rooms+hall,New,2
Al Twar Third,Villa | 7 bed rooms+hall,Renew,2
Al Twar Third,Villa | 8 bed rooms+hall,New,1
Al Waheda,Apartment | 3 bed rooms+hall,New,14
Al Waheda,Apartment | 3 bed rooms+hall,Renew,8
Al Waheda,Villa | 10 bed rooms+hall,New,15
Al Waheda,Villa | 10 bed rooms+hall,Renew,21
Al Waheda,Villa | 11 bed rooms+hall,New,1
Al Waheda,Villa | 15 bed room+hall,New,3
Al Waheda,Villa | 2 bed rooms+hall,New,12
Al Waheda,Villa | 2 bed rooms+hall,Renew,5
Al Waheda,Villa | 3 bed rooms+hall,New,41
Al Waheda,Villa | 3 bed rooms+hall,Renew,56
Al Waheda,Villa | 4 bed rooms+hall,New,75
Al Waheda,Villa | 4 bed rooms+hall,Renew,46
Al Waheda,Villa | 5 bed rooms+hall,New,63
Al Waheda,Villa | 5 bed rooms+hall,Renew,75
Al Waheda,Villa | 6 bed rooms+hall,New,45
Al Waheda,Villa | 6 bed rooms+hall,Renew,26
Al Waheda,Villa | 7 bed rooms+hall,New,21
Al Waheda,Villa | 7 bed rooms+hall,Renew,9
Al Waheda,Villa | 8 bed rooms+hall,New,23
Al Waheda,Villa | 8 bed rooms+hall,Renew,15
Al Waheda,Villa | 9 bed rooms+hall,New,5
Al Waheda,Villa | 9 bed rooms+hall,Renew,4
Al Warqa First,Apartment | 1bed room+Hall,New,4280
Al Warqa First,Apartment | 1bed room+Hall,Renew,7669
Al Warqa First,Apartment | 2 bed rooms+hall,New,4665
Al Warqa First,Apartment | 2 bed rooms+hall,Renew,9959
Al Warqa First,Apartment | 3 bed rooms+hall,New,495
Al Warqa First,Apartment | 3 bed rooms+hall,Renew,675
Al Warqa First,Apartment | 4 bed rooms+hall,New,9
Al Warqa First,Apartment | 4 bed rooms+hall,Renew,36
Al Warqa First,Apartment | Duplex,New,5
Al Warqa First,Apartment | Duplex,Renew,12
Al Warqa First,Apartment | Penthouse,Renew,3
Al Warqa First,Apartment | Studio,New,291
Al Warqa First,Apartment | Studio,Renew,342
Al Warqa Fourth,Villa | 10 bed rooms+hall,Renew,3
Al Warqa Fourth,Villa | 2 bed rooms+hall,New,1
Al Warqa Fourth,Villa | 2 bed rooms+hall,Renew,2
Al Warqa Fourth,Villa | 3 bed rooms+hall,New,15
Al Warqa Fourth,Villa | 3 bed rooms+hall,Renew,10
Al Warqa Fourth,Villa | 4 bed rooms+hall,New,28
Al Warqa Fourth,Villa | 4 bed rooms+hall,Renew,33
Al Warqa Fourth,Villa | 5 bed rooms+hall,New,28
Al Warqa Fourth,Villa | 5 bed rooms+hall,Renew,23
Al Warqa Fourth,Villa | 6 bed rooms+hall,New,12
Al Warqa Fourth,Villa | 6 bed rooms+hall,Renew,5
Al Warqa Fourth,Villa | 7 bed rooms+hall,New,3
Al Warqa Second,Villa | 11 bed rooms+hall,New,1
Al Warqa Second,Villa | 2 bed rooms+hall,New,2
Al Warqa Second,Villa | 3 bed rooms+hall,New,7
Al Warqa Second,Villa | 3 bed rooms+hall,Renew,18
Al Warqa Second,Villa | 4 bed rooms+hall,New,23
Al Warqa Second,Villa | 4 bed rooms+hall,Renew,22
Al Warqa Second,Villa | 5 bed rooms+hall,New,30
Al Warqa Second,Villa | 5 bed rooms+hall,Renew,8
Al Warqa Second,Villa | 6 bed rooms+hall,New,13
Al Warqa Second,Villa | 6 bed rooms+hall,Renew,8
Al Warqa Second,Villa | 7 bed rooms+hall,New,8
Al Warqa Second,Villa | 7 bed rooms+hall,Renew,3
Al Warqa Second,Villa | 8 bed rooms+hall,New,2
Al Warqa Third,Villa | 10 bed rooms+hall,New,5
Al Warqa Third,Villa | 10 bed rooms+hall,Renew,2
Al Warqa Third,Villa | 2 bed rooms+hall,New,4
Al Warqa Third,Villa | 2 bed rooms+hall,Renew,2
Al Warqa Third,Villa | 3 bed rooms+hall,New,17
Al Warqa Third,Villa | 3 bed rooms+hall,Renew,18
Al Warqa Third,Villa | 4 bed rooms+hall,New,62
Al Warqa Third,Villa | 4 bed rooms+hall,Renew,60
Al Warqa Third,Villa | 5 bed rooms+hall,New,82
Al Warqa Third,Villa | 5 bed rooms+hall,Renew,43
Al Warqa Third,Villa | 6 bed rooms+hall,New,17
Al Warqa Third,Villa | 6 bed rooms+hall,Renew,7
Al Warqa Third,Villa | 7 bed rooms+hall,New,9
Al Warqa Third,Villa | 7 bed rooms+hall,Renew,4
Al Warqa Third,Villa | 8 bed rooms+hall,New,4
Al Warqa Third,Villa | 8 bed rooms+hall,Renew,4
Al Warqa Third,Villa | 9 bed rooms+hall,New,2
Al Warqa Third,Villa | 9 bed rooms+hall,Renew,3
Al Warsan First,Apartment | 1bed room+Hall,New,13381
Al Warsan First,Apartment | 1bed room+Hall,Renew,16793
Al Warsan First,Apartment | 2 bed rooms+hall,New,2763
Al Warsan First,Apartment | 2 bed rooms+hall,Renew,5061
Al Warsan First,Apartment | 3 bed rooms+hall,New,491
Al Warsan First,Apartment | 3 bed rooms+hall,Renew,244
Al Warsan First,Apartment | 4 bed rooms+hall,New,4
Al Warsan First,Apartment | 4 bed rooms+hall,Renew,15
Al Warsan First,Apartment | Studio,New,13191
Al Warsan First,Apartment | Studio,Renew,14818
Al Warsan First,Villa | 3 bed rooms+hall,New,785
Al Warsan First,Villa | 3 bed rooms+hall,Renew,457
Al Warsan First,Villa | 4 bed rooms+hall,New,3
Al Warsan First,Villa | 5 bed rooms+hall,New,2
Al Warsan First,Villa | 5 bed rooms+hall,Renew,1
Al Warsan Second,Villa | 2 bed rooms+hall,New,9
Al Warsan Second,Villa | 2 bed rooms+hall,Renew,33
Al Warsan Second,Villa | 3 bed rooms+hall,New,10
Al Warsan Second,Villa | 3 bed rooms+hall,Renew,81
Al Warsan Second,Villa | 4 bed rooms+hall,New,17
Al Warsan Second,Villa | 4 bed rooms+hall,Renew,89
Al Warsan Third,Apartment | 1bed room+Hall,New,98
Al Warsan Third,Apartment | Studio,New,1
Al Wasl,Apartment | 1bed room+Hall,New,414
Al Wasl,Apartment | 1bed room+Hall,Renew,707
Al Wasl,Apartment | 2 bed rooms+hall,New,746
Al Wasl,Apartment | 2 bed rooms+hall,Renew,1310
Al Wasl,Apartment | 3 bed rooms+hall,New,315
Al Wasl,Apartment | 3 bed rooms+hall,Renew,620
Al Wasl,Apartment | 4 bed rooms+hall,New,35
Al Wasl,Apartment | 4 bed rooms+hall,Renew,42
Al Wasl,Apartment | Duplex,New,3
Al Wasl,Apartment | Duplex,Renew,1
Al Wasl,Apartment | Studio,New,7
Al Wasl,Apartment | Studio,Renew,22
Al Wasl,Villa | 10 bed rooms+hall,New,5
Al Wasl,Villa | 10 bed rooms+hall,Renew,1
Al Wasl,Villa | 3 bed rooms+hall,New,34
Al Wasl,Villa | 3 bed rooms+hall,Renew,146
Al Wasl,Villa | 4 bed rooms+hall,New,65
Al Wasl,Villa | 4 bed rooms+hall,Renew,501
Al Wasl,Villa | 5 bed rooms+hall,New,24
Al Wasl,Villa | 5 bed rooms+hall,Renew,89
Al Wasl,Villa | 6 bed rooms+hall,New,16
Al Wasl,Villa | 6 bed rooms+hall,Renew,18
Al Wasl,Villa | 7 bed rooms+hall,New,6
Al Wasl,Villa | 7 bed rooms+hall,Renew,6
Al Wasl,Villa | 8 bed rooms+hall,New,10
Al Wasl,Villa | 8 bed rooms+hall,Renew,2
Al Yelayiss 1,Villa | 2 bed rooms+hall,Renew,5
Al Yelayiss 1,Villa | 3 bed rooms+hall,New,1558
Al Yelayiss 1,Villa | 3 bed rooms+hall,Renew,2526
Al Yelayiss 1,Villa | 4 bed rooms+hall,New,556
Al Yelayiss 1,Villa | 4 bed rooms+hall,Renew,898
Al Yelayiss 1,Villa | 5 bed rooms+hall,New,3
Al Yelayiss 1,Villa | 5 bed rooms+hall,Renew,5
Al Yelayiss 2,Apartment | 1bed room+Hall,New,1408
Al Yelayiss 2,Apartment | 1bed room+Hall,Renew,2552
Al Yelayiss 2,Apartment | 2 bed rooms+hall,New,1717
Al Yelayiss 2,Apartment | 2 bed rooms+hall,Renew,2766
Al Yelayiss 2,Apartment | 3 bed rooms+hall,New,394
Al Yelayiss 2,Apartment | 3 bed rooms+hall,Renew,646
Al Yelayiss 2,Apartment | 4 bed rooms+hall,New,6
Al Yelayiss 2,Apartment | 4 bed rooms+hall,Renew,5
Al Yelayiss 2,Apartment | Studio,New,327
Al Yelayiss 2,Apartment | Studio,Renew,248
Al Yelayiss 2,Villa | 3 bed rooms+hall,New,1723
Al Yelayiss 2,Villa | 3 bed rooms+hall,Renew,2190
Al Yelayiss 2,Villa | 4 bed rooms+hall,New,418
Al Yelayiss 2,Villa | 4 bed rooms+hall,Renew,654
Al Yufrah 1,Villa | 3 bed rooms+hall,New,156
Al Yufrah 1,Villa | 4 bed rooms+hall,New,40
Al-Cornich,Apartment | 1bed room+Hall,New,330
Al-Cornich,Apartment | 1bed room+Hall,Renew,569
Al-Cornich,Apartment | 2 bed rooms+hall,New,693
Al-Cornich,Apartment | 2 bed rooms+hall,Renew,1027
Al-Cornich,Apartment | 3 bed rooms+hall,New,211
Al-Cornich,Apartment | 3 bed rooms+hall,Renew,477
Al-Cornich,Apartment | 4 bed rooms+hall,New,8
Al-Cornich,Apartment | 4 bed rooms+hall,Renew,12
Al-Cornich,Apartment | Studio,New,143
Al-Cornich,Apartment | Studio,Renew,183
Al-Raulah,Apartment | 2 bed rooms+hall,New,5
Al-Raulah,Apartment | 2 bed rooms+hall,Renew,3
Bukadra,Apartment | 2 bed rooms+hall,New,69
Bukadra,Apartment | 2 bed rooms+hall,Renew,232
Bukadra,Apartment | 3 bed rooms+hall,New,1
Bukadra,Apartment | 3 bed rooms+hall,Renew,5
Burj Khalifa,Apartment | 1bed room+Hall,New,6164
Burj Khalifa,Apartment | 1bed room+Hall,Renew,5227
Burj Khalifa,Apartment | 2 bed rooms+hall,New,4803
Burj Khalifa,Apartment | 2 bed rooms+hall,Renew,4352
Burj Khalifa,Apartment | 3 bed rooms+hall,New,1309
Burj Khalifa,Apartment | 3 bed rooms+hall,Renew,1312
Burj Khalifa,Apartment | 4 bed rooms+hall,New,74
Burj Khalifa,Apartment | 4 bed rooms+hall,Renew,58
Burj Khalifa,Apartment | 5 bed rooms+hall,New,6
Burj Khalifa,Apartment | 5 bed rooms+hall,Renew,4
Burj Khalifa,Apartment | Duplex,New,1
Burj Khalifa,Apartment | Penthouse,New,4
Burj Khalifa,Apartment | Penthouse,Renew,3
Burj Khalifa,Apartment | Studio,New,1059
Burj Khalifa,Apartment | Studio,Renew,692
Burj Khalifa,Villa | 3 bed rooms+hall,New,2
Business Bay,Apartment | 1bed room+Hall,New,10004
Business Bay,Apartment | 1bed room+Hall,Renew,7238
Business Bay,Apartment | 2 bed rooms+hall,New,5880
Business Bay,Apartment | 2 bed rooms+hall,Renew,6119
Business Bay,Apartment | 3 bed rooms+hall,New,1558
Business Bay,Apartment | 3 bed rooms+hall,Renew,2298
Business Bay,Apartment | 4 bed rooms+hall,New,171
Business Bay,Apartment | 4 bed rooms+hall,Renew,173
Business Bay,Apartment | 5 bed rooms+hall,New,4
Business Bay,Apartment | 5 bed rooms+hall,Renew,4
Business Bay,Apartment | 6 bed rooms+hall,New,6
Business Bay,Apartment | 6 bed rooms+hall,Renew,6
Business Bay,Apartment | Duplex,New,2
Business Bay,Apartment | Duplex,Renew,12
Business Bay,Apartment | Penthouse,New,1
Business Bay,Apartment | Penthouse,Renew,1
Business Bay,Apartment | Studio,New,6359
Business Bay,Apartment | Studio,Renew,3017
Business Bay,Villa | 4 bed rooms+hall,Renew,3
Dubai Investment Park First,Apartment | 1bed room+Hall,New,1979
Dubai Investment Park First,Apartment | 1bed room+Hall,Renew,2101
Dubai Investment Park First,Apartment | 2 bed rooms+hall,New,1642
Dubai Investment Park First,Apartment | 2 bed rooms+hall,Renew,2115
Dubai Investment Park First,Apartment | 3 bed rooms+hall,New,121
Dubai Investment Park First,Apartment | 3 bed rooms+hall,Renew,192
Dubai Investment Park First,Apartment | 4 bed rooms+hall,New,12
Dubai Investment Park First,Apartment | 4 bed rooms+hall,Renew,5
Dubai Investment Park First,Apartment | Studio,New,1456
Dubai Investment Park First,Apartment | Studio,Renew,1444
Dubai Investment Park First,Villa | 3 bed rooms+hall,New,111
Dubai Investment Park First,Villa | 3 bed rooms+hall,Renew,427
Dubai Investment Park First,Villa | 4 bed rooms+hall,New,142
Dubai Investment Park First,Villa | 4 bed rooms+hall,Renew,161
Dubai Investment Park First,Villa | 5 bed rooms+hall,New,43
Dubai Investment Park First,Villa | 5 bed rooms+hall,Renew,25
Dubai Investment Park First,Villa | 6 bed rooms+hall,New,4
Dubai Investment Park First,Villa | 6 bed rooms+hall,Renew,2
Dubai Investment Park Second,Apartment | 1bed room+Hall,New,1216
Dubai Investment Park Second,Apartment | 1bed room+Hall,Renew,1894
Dubai Investment Park Second,Apartment | 2 bed rooms+hall,New,406
Dubai Investment Park Second,Apartment | 2 bed rooms+hall,Renew,503
Dubai Investment Park Second,Apartment | 3 bed rooms+hall,New,34
Dubai Investment Park Second,Apartment | 3 bed rooms+hall,Renew,51
Dubai Investment Park Second,Apartment | 4 bed rooms+hall,New,8
Dubai Investment Park Second,Apartment | 4 bed rooms+hall,Renew,24
Dubai Investment Park Second,Apartment | Studio,New,1612
Dubai Investment Park Second,Apartment | Studio,Renew,2049
Eyal Nasser,Apartment | 1bed room+Hall,New,611
Eyal Nasser,Apartment | 1bed room+Hall,Renew,802
Eyal Nasser,Apartment | 2 bed rooms+hall,New,290
Eyal Nasser,Apartment | 2 bed rooms+hall,Renew,316
Eyal Nasser,Apartment | 3 bed rooms+hall,New,18
Eyal Nasser,Apartment | 3 bed rooms+hall,Renew,30
Eyal Nasser,Apartment | 4 bed rooms+hall,New,1
Eyal Nasser,Apartment | 4 bed rooms+hall,Renew,6
Eyal Nasser,Apartment | Studio,New,1444
Eyal Nasser,Apartment | Studio,Renew,1623
Ghadeer Al tair,Apartment | 5 bed rooms+hall,New,1
Ghadeer Al tair,Apartment | 5 bed rooms+hall,Renew,2
Ghadeer Al tair,Villa | 2 bed rooms+hall,New,2
Ghadeer Al tair,Villa | 2 bed rooms+hall,Renew,1
Ghadeer Al tair,Villa | 3 bed rooms+hall,New,8
Ghadeer Al tair,Villa | 3 bed rooms+hall,Renew,8
Ghadeer Al tair,Villa | 4 bed rooms+hall,New,13
Ghadeer Al tair,Villa | 4 bed rooms+hall,Renew,16
Ghadeer Al tair,Villa | 5 bed rooms+hall,New,42
Ghadeer Al tair,Villa | 5 bed rooms+hall,Renew,42
Ghadeer Al tair,Villa | 6 bed rooms+hall,New,12
Ghadeer Al tair,Villa | 6 bed rooms+hall,Renew,6
Ghadeer Al tair,Villa | 7 bed rooms+hall,New,3
Ghadeer Al tair,Villa | 7 bed rooms+hall,Renew,1
Ghadeer Al tair,Villa | 9 bed rooms+hall,New,5
Grayteesah,Apartment | Studio,New,17
Grayteesah,Apartment | Studio,Renew,20
Hadaeq Sheikh Mohammed Bin Rashid,Apartment | 1bed room+Hall,New,2818
Hadaeq Sheikh Mohammed Bin Rashid,Apartment | 1bed room+Hall,Renew,2084
Hadaeq Sheikh Mohammed Bin Rashid,Apartment | 2 bed rooms+hall,New,2378
Hadaeq Sheikh Mohammed Bin Rashid,Apartment | 2 bed rooms+hall,Renew,1767
Hadaeq Sheikh Mohammed Bin Rashid,Apartment | 3 bed rooms+hall,New,452
Hadaeq Sheikh Mohammed Bin Rashid,Apartment | 3 bed rooms+hall,Renew,428
Hadaeq Sheikh Mohammed Bin Rashid,Apartment | 4 bed rooms+hall,New,5
Hadaeq Sheikh Mohammed Bin Rashid,Apartment | 4 bed rooms+hall,Renew,2
Hadaeq Sheikh Mohammed Bin Rashid,Apartment | Studio,New,314
Hadaeq Sheikh Mohammed Bin Rashid,Apartment | Studio,Renew,138
Hadaeq Sheikh Mohammed Bin Rashid,Villa | 10 bed rooms+hall,New,1
Hadaeq Sheikh Mohammed Bin Rashid,Villa | 1bed room+Hall,Renew,3
Hadaeq Sheikh Mohammed Bin Rashid,Villa | 2 bed rooms+hall,New,199
Hadaeq Sheikh Mohammed Bin Rashid,Villa | 3 bed rooms+hall,New,1085
Hadaeq Sheikh Mohammed Bin Rashid,Villa | 3 bed rooms+hall,Renew,853
Hadaeq Sheikh Mohammed Bin Rashid,Villa | 4 bed rooms+hall,New,1219
Hadaeq Sheikh Mohammed Bin Rashid,Villa | 4 bed rooms+hall,Renew,1051
Hadaeq Sheikh Mohammed Bin Rashid,Villa | 5 bed rooms+hall,New,416
Hadaeq Sheikh Mohammed Bin Rashid,Villa | 5 bed rooms+hall,Renew,338
Hadaeq Sheikh Mohammed Bin Rashid,Villa | 6 bed rooms+hall,New,30
Hadaeq Sheikh Mohammed Bin Rashid,Villa | 6 bed rooms+hall,Renew,10
Hadaeq Sheikh Mohammed Bin Rashid,Villa | 7 bed rooms+hall,New,11
Hadaeq Sheikh Mohammed Bin Rashid,Villa | 7 bed rooms+hall,Renew,4
Hadaeq Sheikh Mohammed Bin Rashid,Villa | 8 bed rooms+hall,New,1
Hatta,Apartment | 1bed room+Hall,New,19
Hatta,Apartment | 2 bed rooms+hall,New,7
Hatta,Apartment | 2 bed rooms+hall,Renew,3
Hatta,Apartment | 3 bed rooms+hall,New,8
Hatta,Apartment | 3 bed rooms+hall,Renew,4
Hatta,Villa | 2 bed rooms+hall,New,1
Hatta,Villa | 2 bed rooms+hall,Renew,1
Hatta,Villa | 3 bed rooms+hall,New,1
Hessyan First,Apartment | 1bed room+Hall,New,153
Hessyan First,Apartment | 1bed room+Hall,Renew,245
Hessyan First,Apartment | 2 bed rooms+hall,New,78
Hessyan First,Apartment | 2 bed rooms+hall,Renew,136
Hessyan First,Apartment | 3 bed rooms+hall,New,67
Hessyan First,Apartment | 3 bed rooms+hall,Renew,131
Hessyan First,Apartment | Studio,New,77
Hessyan First,Apartment | Studio,Renew,119
Hessyan First,Villa | 2 bed rooms+hall,New,65
Hessyan First,Villa | 2 bed rooms+hall,Renew,51
Hessyan First,Villa | 3 bed rooms+hall,New,76
Hessyan First,Villa | 3 bed rooms+hall,Renew,153
Hessyan First,Villa | 4 bed rooms+hall,New,69
Hessyan First,Villa | 4 bed rooms+hall,Renew,181
Hessyan First,Villa | 5 bed rooms+hall,New,3
Hessyan First,Villa | 5 bed rooms+hall,Renew,5
Hor Al Anz,Apartment | 1bed room+Hall,New,2377
Hor Al Anz,Apartment | 1bed room+Hall,Renew,2488
Hor Al Anz,Apartment | 2 bed rooms+hall,New,1263
Hor Al Anz,Apartment | 2 bed rooms+hall,Renew,1921
Hor Al Anz,Apartment | 3 bed rooms+hall,New,103
Hor Al Anz,Apartment | 3 bed rooms+hall,Renew,287
Hor Al Anz,Apartment | 4 bed rooms+hall,New,3
Hor Al Anz,Apartment | 4 bed rooms+hall,Renew,13
Hor Al Anz,Apartment | 6 bed rooms+hall,New,1
Hor Al Anz,Apartment | Studio,New,569
Hor Al Anz,Apartment | Studio,Renew,367
Hor Al Anz,Villa | 10 bed rooms+hall,New,6
Hor Al Anz,Villa | 10 bed rooms+hall,Renew,6
Hor Al Anz,Villa | 11 bed rooms+hall,New,3
Hor Al Anz,Villa | 1bed room+Hall,New,6
Hor Al Anz,Villa | 1bed room+Hall,Renew,1
Hor Al Anz,Villa | 2 bed rooms+hall,New,34
Hor Al Anz,Villa | 2 bed rooms+hall,Renew,41
Hor Al Anz,Villa | 3 bed rooms+hall,New,114
Hor Al Anz,Villa | 3 bed rooms+hall,Renew,205
Hor Al Anz,Villa | 4 bed rooms+hall,New,143
Hor Al Anz,Villa | 4 bed rooms+hall,Renew,114
Hor Al Anz,Villa | 5 bed rooms+hall,New,74
Hor Al Anz,Villa | 5 bed rooms+hall,Renew,55
Hor Al Anz,Villa | 6 bed rooms+hall,New,64
Hor Al Anz,Villa | 6 bed rooms+hall,Renew,36
Hor Al Anz,Villa | 7 bed rooms+hall,New,43
Hor Al Anz,Villa | 7 bed rooms+hall,Renew,38
Hor Al Anz,Villa | 8 bed rooms+hall,New,65
Hor Al Anz,Villa | 8 bed rooms+hall,Renew,38
Hor Al Anz,Villa | 9 bed rooms+hall,New,34
Hor Al Anz,Villa | 9 bed rooms+hall,Renew,11
Hor Al Anz East,Apartment | 1bed room+Hall,New,1294
Hor Al Anz East,Apartment | 1bed room+Hall,Renew,2760
Hor Al Anz East,Apartment | 2 bed rooms+hall,New,1421
Hor Al Anz East,Apartment | 2 bed rooms+hall,Renew,3532
Hor Al Anz East,Apartment | 3 bed rooms+hall,New,344
Hor Al Anz East,Apartment | 3 bed rooms+hall,Renew,861
Hor Al Anz East,Apartment | 4 bed rooms+hall,New,14
Hor Al Anz East,Apartment | 4 bed rooms+hall,Renew,70
Hor Al Anz East,Apartment | Studio,New,344
Hor Al Anz East,Apartment | Studio,Renew,582
Hor Al Anz East,Villa | 10 bed rooms+hall,New,1
Hor Al Anz East,Villa | 10 bed rooms+hall,Renew,1
Hor Al Anz East,Villa | 3 bed rooms+hall,New,1
Hor Al Anz East,Villa | 3 bed rooms+hall,Renew,4
Hor Al Anz East,Villa | 4 bed rooms+hall,New,4
Hor Al Anz East,Villa | 4 bed rooms+hall,Renew,3
Hor Al Anz East,Villa | 5 bed rooms+hall,New,7
Hor Al Anz East,Villa | 5 bed rooms+hall,Renew,5
Hor Al Anz East,Villa | 6 bed rooms+hall,New,3
Hor Al Anz East,Villa | 7 bed rooms+hall,New,4
Hor Al Anz East,Villa | 7 bed rooms+hall,Renew,8
Hor Al Anz East,Villa | 8 bed rooms+hall,New,10
Hor Al Anz East,Villa | 8 bed rooms+hall,Renew,6
Hor Al Anz East,Villa | 9 bed rooms+hall,New,3
Island 2,Apartment | 1bed room+Hall,New,24
Island 2,Apartment | 1bed room+Hall,Renew,11
Island 2,Apartment | 2 bed rooms+hall,New,22
Island 2,Apartment | 2 bed rooms+hall,Renew,14
Island 2,Apartment | 3 bed rooms+hall,New,12
Island 2,Apartment | 3 bed rooms+hall,Renew,11
Island 2,Apartment | 4 bed rooms+hall,New,1
Island 2,Villa | 3 bed rooms+hall,New,18
Island 2,Villa | 3 bed rooms+hall,Renew,2
Island 2,Villa | 4 bed rooms+hall,New,6
Island 2,Villa | 5 bed rooms+hall,New,5
Island 2,Villa | 6 bed rooms+hall,New,1
Island 2,Villa | 6 bed rooms+hall,Renew,1
Jabal Ali First,Apartment | 1bed room+Hall,New,9696
Jabal Ali First,Apartment | 1bed room+Hall,Renew,14992
Jabal Ali First,Apartment | 2 bed rooms+hall,New,4368
Jabal Ali First,Apartment | 2 bed rooms+hall,Renew,10324
Jabal Ali First,Apartment | 3 bed rooms+hall,New,740
Jabal Ali First,Apartment | 3 bed rooms+hall,Renew,2206
Jabal Ali First,Apartment | Studio,New,9685
Jabal Ali First,Apartment | Studio,Renew,15205
Jabal Ali First,Villa | 3 bed rooms+hall,New,661
Jabal Ali First,Villa | 3 bed rooms+hall,Renew,1255
Jabal Ali First,Villa | 4 bed rooms+hall,New,620
Jabal Ali First,Villa | 4 bed rooms+hall,Renew,995
Jabal Ali First,Villa | 5 bed rooms+hall,New,118
Jabal Ali First,Villa | 5 bed rooms+hall,Renew,95
Jabal Ali First,Villa | 6 bed rooms+hall,New,24
Jabal Ali First,Villa | 6 bed rooms+hall,Renew,19
Jabal Ali First,Villa | 8 bed rooms+hall,New,1
Jabal Ali Industrial First,Apartment | 1bed room+Hall,New,293
Jabal Ali Industrial First,Apartment | 1bed room+Hall,Renew,92
Jabal Ali Industrial First,Apartment | 2 bed rooms+hall,New,155
Jabal Ali Industrial First,Apartment | 2 bed rooms+hall,Renew,9
Jabal Ali Industrial First,Apartment | 3 bed rooms+hall,New,2
Jabal Ali Industrial First,Apartment | Studio,New,674
Jabal Ali Industrial First,Apartment | Studio,Renew,840
Jabal Ali Industrial Second,Apartment | 1bed room+Hall,New,448
Jabal Ali Industrial Second,Apartment | 1bed room+Hall,Renew,323
Jabal Ali Industrial Second,Apartment | 2 bed rooms+hall,New,141
Jabal Ali Industrial Second,Apartment | 2 bed rooms+hall,Renew,89
Jabal Ali Industrial Second,Apartment | 3 bed rooms+hall,New,37
Jabal Ali Industrial Second,Apartment | 3 bed rooms+hall,Renew,28
Jabal Ali Industrial Second,Apartment | 4 bed rooms+hall,New,3
Jabal Ali Industrial Second,Apartment | Studio,New,437
Jabal Ali Industrial Second,Apartment | Studio,Renew,227
Jumeirah First,Apartment | 1bed room+Hall,New,832
Jumeirah First,Apartment | 1bed room+Hall,Renew,817
Jumeirah First,Apartment | 2 bed rooms+hall,New,778
Jumeirah First,Apartment | 2 bed rooms+hall,Renew,1113
Jumeirah First,Apartment | 3 bed rooms+hall,New,154
Jumeirah First,Apartment | 3 bed rooms+hall,Renew,237
Jumeirah First,Apartment | 4 bed rooms+hall,New,7
Jumeirah First,Apartment | 4 bed rooms+hall,Renew,3
Jumeirah First,Apartment | 5 bed rooms+hall,New,4
Jumeirah First,Apartment | 5 bed rooms+hall,Renew,21
Jumeirah First,Apartment | Studio,New,78
Jumeirah First,Apartment | Studio,Renew,140
Jumeirah First,Villa | 10 bed rooms+hall,New,3
Jumeirah First,Villa | 2 bed rooms+hall,New,7
Jumeirah First,Villa | 2 bed rooms+hall,Renew,10
Jumeirah First,Villa | 3 bed rooms+hall,New,117
Jumeirah First,Villa | 3 bed rooms+hall,Renew,580
Jumeirah First,Villa | 4 bed rooms+hall,New,247
Jumeirah First,Villa | 4 bed rooms+hall,Renew,1106
Jumeirah First,Villa | 5 bed rooms+hall,New,158
Jumeirah First,Villa | 5 bed rooms+hall,Renew,559
Jumeirah First,Villa | 6 bed rooms+hall,New,17
Jumeirah First,Villa | 6 bed rooms+hall,Renew,16
Jumeirah First,Villa | 7 bed rooms+hall,Renew,2
Jumeirah First,Villa | 8 bed rooms+hall,New,1
Jumeirah First,Villa | 8 bed rooms+hall,Renew,3
Jumeirah Second,Apartment | 1bed room+Hall,New,93
Jumeirah Second,Apartment | 1bed room+Hall,Renew,183
Jumeirah Second,Apartment | 2 bed rooms+hall,New,29
Jumeirah Second,Apartment | 2 bed rooms+hall,Renew,60
Jumeirah Second,Apartment | 3 bed rooms+hall,New,1
Jumeirah Second,Apartment | 4 bed rooms+hall,New,1
Jumeirah Second,Apartment | 4 bed rooms+hall,Renew,1
Jumeirah Second,Apartment | Penthouse,Renew,1
Jumeirah Second,Villa | 3 bed rooms+hall,New,251
Jumeirah Second,Villa | 3 bed rooms+hall,Renew,700
Jumeirah Second,Villa | 4 bed rooms+hall,New,135
Jumeirah Second,Villa | 4 bed rooms+hall,Renew,455
Jumeirah Second,Villa | 5 bed rooms+hall,New,85
Jumeirah Second,Villa | 5 bed rooms+hall,Renew,235
Jumeirah Second,Villa | 6 bed rooms+hall,New,2
Jumeirah Second,Villa | 6 bed rooms+hall,Renew,1
Jumeirah Second,Villa | 8 bed rooms+hall,Renew,3
Jumeirah Second,Villa | Studio,Renew,2
Jumeirah Third,Apartment | 1bed room+Hall,New,33
Jumeirah Third,Apartment | 1bed room+Hall,Renew,74
Jumeirah Third,Apartment | 2 bed rooms+hall,New,45
Jumeirah Third,Apartment | 2 bed rooms+hall,Renew,173
Jumeirah Third,Apartment | 3 bed rooms+hall,New,20
Jumeirah Third,Apartment | 3 bed rooms+hall,Renew,33
Jumeirah Third,Apartment | Studio,New,2
Jumeirah Third,Apartment | Studio,Renew,8
Jumeirah Third,Villa | 1bed room+Hall,New,1
Jumeirah Third,Villa | 1bed room+Hall,Renew,2
Jumeirah Third,Villa | 2 bed rooms+hall,New,1
Jumeirah Third,Villa | 2 bed rooms+hall,Renew,9
Jumeirah Third,Villa | 3 bed rooms+hall,New,68
Jumeirah Third,Villa | 3 bed rooms+hall,Renew,331
Jumeirah Third,Villa | 4 bed rooms+hall,New,147
Jumeirah Third,Villa | 4 bed rooms+hall,Renew,635
Jumeirah Third,Villa | 5 bed rooms+hall,New,120
Jumeirah Third,Villa | 5 bed rooms+hall,Renew,448
Jumeirah Third,Villa | 6 bed rooms+hall,New,12
Jumeirah Third,Villa | 6 bed rooms+hall,Renew,19
Jumeirah Third,Villa | 7 bed rooms+hall,New,5
Jumeirah Third,Villa | 8 bed rooms+hall,New,1
Jumeirah Third,Villa | 8 bed rooms+hall,Renew,4
Jumeirah Third,Villa | Duplex,Renew,10
Lehbab First,Apartment | 1bed room+Hall,New,21
Lehbab First,Apartment | 1bed room+Hall,Renew,11
Lehbab First,Apartment | Studio,New,17
Lehbab First,Apartment | Studio,Renew,5
Lehbab Second,Apartment | 1bed room+Hall,New,6
Lehbab Second,Apartment | 2 bed rooms+hall,New,10
Lehbab Second,Apartment | 2 bed rooms+hall,Renew,1
Lehbab Second,Apartment | 3 bed rooms+hall,New,2
Lehbab Second,Apartment | 4 bed rooms+hall,New,1
Lehbab Second,Apartment | Studio,New,20
Lehbab Second,Apartment | Studio,Renew,11
Madinat Al Mataar,Apartment | 1bed room+Hall,New,3648
Madinat Al Mataar,Apartment | 1bed room+Hall,Renew,2086
Madinat Al Mataar,Apartment | 2 bed rooms+hall,New,2919
Madinat Al Mataar,Apartment | 2 bed rooms+hall,Renew,1759
Madinat Al Mataar,Apartment | 3 bed rooms+hall,New,548
Madinat Al Mataar,Apartment | 3 bed rooms+hall,Renew,505
Madinat Al Mataar,Apartment | 4 bed rooms+hall,New,1
Madinat Al Mataar,Apartment | 4 bed rooms+hall,Renew,2
Madinat Al Mataar,Apartment | Penthouse,New,2
Madinat Al Mataar,Apartment | Penthouse,Renew,8
Madinat Al Mataar,Apartment | Studio,New,2279
Madinat Al Mataar,Apartment | Studio,Renew,975
Madinat Al Mataar,Villa | 2 bed rooms+hall,New,106
Madinat Al Mataar,Villa | 2 bed rooms+hall,Renew,38
Madinat Al Mataar,Villa | 3 bed rooms+hall,New,1016
Madinat Al Mataar,Villa | 3 bed rooms+hall,Renew,234
Madinat Al Mataar,Villa | 4 bed rooms+hall,New,486
Madinat Al Mataar,Villa | 4 bed rooms+hall,Renew,142
Madinat Al Mataar,Villa | 5 bed rooms+hall,New,8
Madinat Al Mataar,Villa | 5 bed rooms+hall,Renew,6
Madinat Dubai Almelaheyah,Apartment | 1bed room+Hall,New,692
Madinat Dubai Almelaheyah,Apartment | 1bed room+Hall,Renew,1127
Madinat Dubai Almelaheyah,Apartment | 2 bed rooms+hall,New,605
Madinat Dubai Almelaheyah,Apartment | 2 bed rooms+hall,Renew,1599
Madinat Dubai Almelaheyah,Apartment | 3 bed rooms+hall,New,146
Madinat Dubai Almelaheyah,Apartment | 3 bed rooms+hall,Renew,451
Madinat Dubai Almelaheyah,Apartment | Studio,New,36
Madinat Dubai Almelaheyah,Apartment | Studio,Renew,8
Madinat Hind 3,Villa | 3 bed rooms+hall,New,9
Madinat Hind 3,Villa | 3 bed rooms+hall,Renew,3
Madinat Hind 3,Villa | 4 bed rooms+hall,New,16
Madinat Hind 3,Villa | 5 bed rooms+hall,New,11
Madinat Hind 3,Villa | 5 bed rooms+hall,Renew,7
Madinat Hind 3,Villa | 6 bed rooms+hall,New,6
Madinat Hind 3,Villa | 8 bed rooms+hall,New,2
Madinat Hind 4,Apartment | 1bed room+Hall,New,329
Madinat Hind 4,Apartment | 1bed room+Hall,Renew,75
Madinat Hind 4,Apartment | 2 bed rooms+hall,New,57
Madinat Hind 4,Apartment | 2 bed rooms+hall,Renew,27
Madinat Hind 4,Apartment | Studio,New,420
Madinat Hind 4,Apartment | Studio,Renew,143
Madinat Hind 4,Villa | 2 bed rooms+hall,New,252
Madinat Hind 4,Villa | 2 bed rooms+hall,Renew,90
Madinat Hind 4,Villa | 3 bed rooms+hall,New,7472
Madinat Hind 4,Villa | 3 bed rooms+hall,Renew,4379
Madinat Hind 4,Villa | 4 bed rooms+hall,New,727
Madinat Hind 4,Villa | 4 bed rooms+hall,Renew,441
Madinat Hind 4,Villa | 5 bed rooms+hall,New,267
Madinat Hind 4,Villa | 5 bed rooms+hall,Renew,154
Madinat Hind 4,Villa | 6 bed rooms+hall,New,276
Madinat Hind 4,Villa | 6 bed rooms+hall,Renew,172
Mankhool,Apartment | 1bed room+Hall,New,3063
Mankhool,Apartment | 1bed room+Hall,Renew,6130
Mankhool,Apartment | 2 bed rooms+hall,New,3262
Mankhool,Apartment | 2 bed rooms+hall,Renew,8090
Mankhool,Apartment | 3 bed rooms+hall,New,1360
Mankhool,Apartment | 3 bed rooms+hall,Renew,4311
Mankhool,Apartment | 4 bed rooms+hall,New,192
Mankhool,Apartment | 4 bed rooms+hall,Renew,729
Mankhool,Apartment | 5 bed rooms+hall,New,4
Mankhool,Apartment | 5 bed rooms+hall,Renew,10
Mankhool,Apartment | Duplex,New,3
Mankhool,Apartment | Duplex,Renew,13
Mankhool,Apartment | Studio,New,1003
Mankhool,Apartment | Studio,Renew,1513
Mankhool,Villa | 10 bed rooms+hall,New,1
Mankhool,Villa | 10 bed rooms+hall,Renew,1
Mankhool,Villa | 15 bed room+hall,Renew,3
Mankhool,Villa | 2 bed rooms+hall,New,1
Mankhool,Villa | 3 bed rooms+hall,New,13
Mankhool,Villa | 3 bed rooms+hall,Renew,23
Mankhool,Villa | 4 bed rooms+hall,New,13
Mankhool,Villa | 4 bed rooms+hall,Renew,54
Mankhool,Villa | 5 bed rooms+hall,New,21
Mankhool,Villa | 5 bed rooms+hall,Renew,101
Mankhool,Villa | 6 bed rooms+hall,New,4
Mankhool,Villa | 6 bed rooms+hall,Renew,13
Mankhool,Villa | 8 bed rooms+hall,New,6
Mankhool,Villa | 8 bed rooms+hall,Renew,5
Mankhool,Villa | Duplex,Renew,3
Margham,Apartment | 1bed room+Hall,New,4
Margham,Apartment | 1bed room+Hall,Renew,1
Margham,Villa | 4 bed rooms+hall,New,1
Marsa Dubai,Apartment | 1bed room+Hall,New,12010
Marsa Dubai,Apartment | 1bed room+Hall,Renew,10886
Marsa Dubai,Apartment | 2 bed rooms+hall,New,10136
Marsa Dubai,Apartment | 2 bed rooms+hall,Renew,10246
Marsa Dubai,Apartment | 3 bed rooms+hall,New,3862
Marsa Dubai,Apartment | 3 bed rooms+hall,Renew,4301
Marsa Dubai,Apartment | 4 bed rooms+hall,New,605
Marsa Dubai,Apartment | 4 bed rooms+hall,Renew,631
Marsa Dubai,Apartment | 5 bed rooms+hall,New,47
Marsa Dubai,Apartment | 5 bed rooms+hall,Renew,44
Marsa Dubai,Apartment | 6 bed rooms+hall,New,4
Marsa Dubai,Apartment | 7 bed rooms+hall,New,2
Marsa Dubai,Apartment | Duplex,New,1
Marsa Dubai,Apartment | Duplex,Renew,1
Marsa Dubai,Apartment | Penthouse,New,21
Marsa Dubai,Apartment | Penthouse,Renew,43
Marsa Dubai,Apartment | Studio,New,1982
Marsa Dubai,Apartment | Studio,Renew,1357
Marsa Dubai,Villa | 1bed room+Hall,Renew,1
Marsa Dubai,Villa | 2 bed rooms+hall,New,6
Marsa Dubai,Villa | 3 bed rooms+hall,New,16
Marsa Dubai,Villa | 3 bed rooms+hall,Renew,25
Marsa Dubai,Villa | 4 bed rooms+hall,New,3
Marsa Dubai,Villa | 4 bed rooms+hall,Renew,2
Marsa Dubai,Villa | 5 bed rooms+hall,New,1
Marsa Dubai,Villa | 5 bed rooms+hall,Renew,1
Me'Aisem First,Apartment | 1bed room+Hall,New,3993
Me'Aisem First,Apartment | 1bed room+Hall,Renew,3911
Me'Aisem First,Apartment | 2 bed rooms+hall,New,1801
Me'Aisem First,Apartment | 2 bed rooms+hall,Renew,1644
Me'Aisem First,Apartment | 3 bed rooms+hall,New,242
Me'Aisem First,Apartment | 3 bed rooms+hall,Renew,238
Me'Aisem First,Apartment | 4 bed rooms+hall,New,15
Me'Aisem First,Apartment | 4 bed rooms+hall,Renew,5
Me'Aisem First,Apartment | Duplex,New,2
Me'Aisem First,Apartment | Duplex,Renew,6
Me'Aisem First,Apartment | Studio,New,4309
Me'Aisem First,Apartment | Studio,Renew,4385
Me'Aisem First,Villa | 2 bed rooms+hall,New,34
Me'Aisem First,Villa | 2 bed rooms+hall,Renew,31
Me'Aisem First,Villa | 3 bed rooms+hall,New,124
Me'Aisem First,Villa | 3 bed rooms+hall,Renew,101
Me'Aisem First,Villa | 4 bed rooms+hall,New,220
Me'Aisem First,Villa | 4 bed rooms+hall,Renew,143
Me'Aisem First,Villa | 5 bed rooms+hall,New,190
Me'Aisem First,Villa | 5 bed rooms+hall,Renew,118
Me'Aisem First,Villa | 6 bed rooms+hall,New,55
Me'Aisem First,Villa | 6 bed rooms+hall,Renew,28
Me'Aisem First,Villa | 7 bed rooms+hall,New,7
Me'Aisem First,Villa | 7 bed rooms+hall,Renew,4
Mirdif,Apartment | 1bed room+Hall,New,2476
Mirdif,Apartment | 1bed room+Hall,Renew,4239
Mirdif,Apartment | 2 bed rooms+hall,New,2184
Mirdif,Apartment | 2 bed rooms+hall,Renew,5390
Mirdif,Apartment | 3 bed rooms+hall,New,304
Mirdif,Apartment | 3 bed rooms+hall,Renew,1000
Mirdif,Apartment | 4 bed rooms+hall,New,32
Mirdif,Apartment | 4 bed rooms+hall,Renew,11
Mirdif,Apartment | Duplex,New,1
Mirdif,Apartment | Studio,New,428
Mirdif,Apartment | Studio,Renew,374
Mirdif,Villa | 10 bed rooms+hall,New,1
Mirdif,Villa | 10 bed rooms+hall,Renew,1
Mirdif,Villa | 1bed room+Hall,New,8
Mirdif,Villa | 1bed room+Hall,Renew,6
Mirdif,Villa | 2 bed rooms+hall,New,478
Mirdif,Villa | 2 bed rooms+hall,Renew,1098
Mirdif,Villa | 3 bed rooms+hall,New,2139
Mirdif,Villa | 3 bed rooms+hall,Renew,5483
Mirdif,Villa | 4 bed rooms+hall,New,1447
Mirdif,Villa | 4 bed rooms+hall,Renew,3744
Mirdif,Villa | 5 bed rooms+hall,New,361
Mirdif,Villa | 5 bed rooms+hall,Renew,813
Mirdif,Villa | 6 bed rooms+hall,New,77
Mirdif,Villa | 6 bed rooms+hall,Renew,115
Mirdif,Villa | 7 bed rooms+hall,New,14
Mirdif,Villa | 7 bed rooms+hall,Renew,21
Mirdif,Villa | 8 bed rooms+hall,New,5
Mirdif,Villa | 8 bed rooms+hall,Renew,6
Mirdif,Villa | 9 bed rooms+hall,New,2
Muhaisanah First,Apartment | 1bed room+Hall,New,314
Muhaisanah First,Apartment | 1bed room+Hall,Renew,190
Muhaisanah First,Apartment | 2 bed rooms+hall,New,284
Muhaisanah First,Apartment | 2 bed rooms+hall,Renew,210
Muhaisanah First,Apartment | 3 bed rooms+hall,New,55
Muhaisanah First,Apartment | 3 bed rooms+hall,Renew,32
Muhaisanah First,Apartment | 4 bed rooms+hall,New,1
Muhaisanah First,Villa | 10 bed rooms+hall,New,1
Muhaisanah First,Villa | 3 bed rooms+hall,New,18
Muhaisanah First,Villa | 3 bed rooms+hall,Renew,8
Muhaisanah First,Villa | 4 bed rooms+hall,New,13
Muhaisanah First,Villa | 4 bed rooms+hall,Renew,8
Muhaisanah First,Villa | 5 bed rooms+hall,New,17
Muhaisanah First,Villa | 5 bed rooms+hall,Renew,31
Muhaisanah First,Villa | 6 bed rooms+hall,New,7
Muhaisanah First,Villa | 6 bed rooms+hall,Renew,11
Muhaisanah First,Villa | 8 bed rooms+hall,New,2
Muhaisanah Fourth,Apartment | 1bed room+Hall,New,2986
Muhaisanah Fourth,Apartment | 1bed room+Hall,Renew,9308
Muhaisanah Fourth,Apartment | 2 bed rooms+hall,New,2764
Muhaisanah Fourth,Apartment | 2 bed rooms+hall,Renew,13936
Muhaisanah Fourth,Apartment | 3 bed rooms+hall,New,281
Muhaisanah Fourth,Apartment | 3 bed rooms+hall,Renew,996
Muhaisanah Fourth,Apartment | 4 bed rooms+hall,New,5
Muhaisanah Fourth,Apartment | 4 bed rooms+hall,Renew,5
Muhaisanah Fourth,Apartment | 5 bed rooms+hall,New,2
Muhaisanah Fourth,Apartment | 5 bed rooms+hall,Renew,1
Muhaisanah Fourth,Apartment | 6 bed rooms+hall,Renew,3
Muhaisanah Fourth,Apartment | Studio,New,886
Muhaisanah Fourth,Apartment | Studio,Renew,1504
Muhaisanah Second,Apartment | 1bed room+Hall,New,310
Muhaisanah Second,Apartment | 2 bed rooms+hall,New,150
Muhaisanah Second,Apartment | 3 bed rooms+hall,New,57
Muhaisanah Second,Apartment | Studio,New,13
Muhaisanah Second,Apartment | Studio,Renew,1
Muhaisanah Second,Villa | 1bed room+Hall,New,3
Muhaisanah Third,Villa | 10 bed rooms+hall,New,1
Muhaisanah Third,Villa | 2 bed rooms+hall,New,6
Muhaisanah Third,Villa | 2 bed rooms+hall,Renew,2
Muhaisanah Third,Villa | 3 bed rooms+hall,New,3
Muhaisanah Third,Villa | 3 bed rooms+hall,Renew,4
Muhaisanah Third,Villa | 4 bed rooms+hall,New,11
Muhaisanah Third,Villa | 4 bed rooms+hall,Renew,12
Muhaisanah Third,Villa | 5 bed rooms+hall,New,9
Muhaisanah Third,Villa | 5 bed rooms+hall,Renew,19
Muhaisanah Third,Villa | 6 bed rooms+hall,New,8
Muhaisanah Third,Villa | 6 bed rooms+hall,Renew,2
Muhaisanah Third,Villa | 7 bed rooms+hall,New,4
Muhaisanah Third,Villa | 8 bed rooms+hall,Renew,1
Mushrif,Villa | 3 bed rooms+hall,New,5
Mushrif,Villa | 3 bed rooms+hall,Renew,1
Mushrif,Villa | 4 bed rooms+hall,New,2
Mushrif,Villa | 4 bed rooms+hall,Renew,1
Mushrif,Villa | 5 bed rooms+hall,New,7
Mushrif,Villa | 5 bed rooms+hall,Renew,2
Nad Al Hamar,Apartment | 1bed room+Hall,New,1913
Nad Al Hamar,Apartment | 1bed room+Hall,Renew,2968
Nad Al Hamar,Apartment | 2 bed rooms+hall,New,1363
Nad Al Hamar,Apartment | 2 bed rooms+hall,Renew,2403
Nad Al Hamar,Apartment | 3 bed rooms+hall,New,222
Nad Al Hamar,Apartment | 3 bed rooms+hall,Renew,448
Nad Al Hamar,Apartment | 4 bed rooms+hall,New,6
Nad Al Hamar,Apartment | 4 bed rooms+hall,Renew,3
Nad Al Hamar,Apartment | Studio,New,179
Nad Al Hamar,Apartment | Studio,Renew,251
Nad Al Hamar,Villa | 2 bed rooms+hall,New,2
Nad Al Hamar,Villa | 2 bed rooms+hall,Renew,1
Nad Al Hamar,Villa | 3 bed rooms+hall,New,6
Nad Al Hamar,Villa | 3 bed rooms+hall,Renew,8
Nad Al Hamar,Villa | 4 bed rooms+hall,New,22
Nad Al Hamar,Villa | 4 bed rooms+hall,Renew,42
Nad Al Hamar,Villa | 5 bed rooms+hall,New,33
Nad Al Hamar,Villa | 5 bed rooms+hall,Renew,33
Nad Al Hamar,Villa | 6 bed rooms+hall,New,11
Nad Al Hamar,Villa | 6 bed rooms+hall,Renew,14
Nad Al Hamar,Villa | 7 bed rooms+hall,New,3
Nad Al Hamar,Villa | 7 bed rooms+hall,Renew,7
Nad Al Hamar,Villa | 8 bed rooms+hall,New,7
Nad Al Hamar,Villa | 8 bed rooms+hall,Renew,2
Nad Al Hamar,Villa | 9 bed rooms+hall,New,1
Nad Al Shiba,Villa | 10 bed rooms+hall,New,1
Nad Al Shiba First,Apartment | 1bed room+Hall,New,1272
Nad Al Shiba First,Apartment | 1bed room+Hall,Renew,1175
Nad Al Shiba First,Apartment | 2 bed rooms+hall,New,764
Nad Al Shiba First,Apartment | 2 bed rooms+hall,Renew,1153
Nad Al Shiba First,Apartment | 3 bed rooms+hall,New,86
Nad Al Shiba First,Apartment | 3 bed rooms+hall,Renew,297
Nad Al Shiba First,Apartment | 4 bed rooms+hall,New,2
Nad Al Shiba First,Villa | 3 bed rooms+hall,New,44
Nad Al Shiba First,Villa | 3 bed rooms+hall,Renew,34
Nad Al Shiba First,Villa | 4 bed rooms+hall,New,171
Nad Al Shiba First,Villa | 4 bed rooms+hall,Renew,161
Nad Al Shiba First,Villa | 5 bed rooms+hall,New,55
Nad Al Shiba First,Villa | 5 bed rooms+hall,Renew,41
Nad Al Shiba First,Villa | 6 bed rooms+hall,New,64
Nad Al Shiba First,Villa | 6 bed rooms+hall,Renew,32
Nad Al Shiba First,Villa | 7 bed rooms+hall,New,3
Nad Al Shiba First,Villa | 7 bed rooms+hall,Renew,2
Nad Al Shiba First,Villa | 8 bed rooms+hall,New,1
Nad Al Shiba Fourth,Villa | 3 bed rooms+hall,New,1
Nad Al Shiba Fourth,Villa | 3 bed rooms+hall,Renew,4
Nad Al Shiba Fourth,Villa | 4 bed rooms+hall,New,15
Nad Al Shiba Fourth,Villa | 4 bed rooms+hall,Renew,15
Nad Al Shiba Fourth,Villa | 5 bed rooms+hall,New,44
Nad Al Shiba Fourth,Villa | 5 bed rooms+hall,Renew,42
Nad Al Shiba Fourth,Villa | 6 bed rooms+hall,New,18
Nad Al Shiba Fourth,Villa | 6 bed rooms+hall,Renew,8
Nad Al Shiba Fourth,Villa | 7 bed rooms+hall,New,4
Nad Al Shiba Fourth,Villa | 7 bed rooms+hall,Renew,2
Nad Al Shiba Fourth,Villa | 8 bed rooms+hall,New,4
Nad Al Shiba Fourth,Villa | 8 bed rooms+hall,Renew,2
Nad Al Shiba Fourth,Villa | 9 bed rooms+hall,New,1
Nad Al Shiba Second,Apartment | 1bed room+Hall,New,2
Nad Al Shiba Second,Apartment | 1bed room+Hall,Renew,5
Nad Al Shiba Second,Apartment | 2 bed rooms+hall,New,11
Nad Al Shiba Second,Apartment | 2 bed rooms+hall,Renew,45
Nad Al Shiba Second,Apartment | Studio,New,2
Nad Al Shiba Second,Apartment | Studio,Renew,3
Nad Al Shiba Second,Villa | 4 bed rooms+hall,New,1
Nad Al Shiba Second,Villa | 5 bed rooms+hall,New,5
Nad Al Shiba Second,Villa | 5 bed rooms+hall,Renew,9
Nad Al Shiba Second,Villa | 6 bed rooms+hall,New,3
Nad Al Shiba Second,Villa | 6 bed rooms+hall,Renew,14
Nad Al Shiba Second,Villa | 7 bed rooms+hall,New,2
Nad Al Shiba Third,Villa | 10 bed rooms+hall,New,1
Nad Al Shiba Third,Villa | 10 bed rooms+hall,Renew,1
Nad Al Shiba Third,Villa | 3 bed rooms+hall,New,3
Nad Al Shiba Third,Villa | 3 bed rooms+hall,Renew,3
Nad Al Shiba Third,Villa | 4 bed rooms+hall,New,730
Nad Al Shiba Third,Villa | 4 bed rooms+hall,Renew,957
Nad Al Shiba Third,Villa | 5 bed rooms+hall,New,153
Nad Al Shiba Third,Villa | 5 bed rooms+hall,Renew,396
Nad Al Shiba Third,Villa | 6 bed rooms+hall,New,5
Nad Al Shiba Third,Villa | 6 bed rooms+hall,Renew,1
Nad Al Shiba Third,Villa | 8 bed rooms+hall,New,1
Nad Al Shiba Third,Villa | 8 bed rooms+hall,Renew,2
Nad Shamma,Villa | 2 bed rooms+hall,Renew,2
Nad Shamma,Villa | 3 bed rooms+hall,New,3
Nad Shamma,Villa | 4 bed rooms+hall,New,7
Nad Shamma,Villa | 4 bed rooms+hall,Renew,5
Nad Shamma,Villa | 5 bed rooms+hall,New,7
Nad Shamma,Villa | 5 bed rooms+hall,Renew,5
Nad Shamma,Villa | 6 bed rooms+hall,New,4
Nad Shamma,Villa | 6 bed rooms+hall,Renew,3
Nad Shamma,Villa | 7 bed rooms+hall,New,2
Nad Shamma,Villa | 8 bed rooms+hall,New,4
Nad Shamma,Villa | 8 bed rooms+hall,Renew,1
Nadd Hessa,Apartment | 10 bed rooms+hall,New,3
Nadd Hessa,Apartment | 1bed room+Hall,New,10121
Nadd Hessa,Apartment | 1bed room+Hall,Renew,15831
Nadd Hessa,Apartment | 2 bed rooms+hall,New,3102
Nadd Hessa,Apartment | 2 bed rooms+hall,Renew,7065
Nadd Hessa,Apartment | 3 bed rooms+hall,New,492
Nadd Hessa,Apartment | 3 bed rooms+hall,Renew,1338
Nadd Hessa,Apartment | 4 bed rooms+hall,New,15
Nadd Hessa,Apartment | 4 bed rooms+hall,Renew,59
Nadd Hessa,Apartment | 5 bed rooms+hall,New,1
Nadd Hessa,Apartment | 5 bed rooms+hall,Renew,5
Nadd Hessa,Apartment | Penthouse,New,2
Nadd Hessa,Apartment | Studio,New,5326
Nadd Hessa,Apartment | Studio,Renew,6050
Nadd Hessa,Villa | 1bed room+Hall,New,1
Nadd Hessa,Villa | 1bed room+Hall,Renew,2
Nadd Hessa,Villa | 3 bed rooms+hall,New,294
Nadd Hessa,Villa | 3 bed rooms+hall,Renew,983
Nadd Hessa,Villa | 4 bed rooms+hall,New,418
Nadd Hessa,Villa | 4 bed rooms+hall,Renew,1697
Nadd Hessa,Villa | 5 bed rooms+hall,New,71
Nadd Hessa,Villa | 5 bed rooms+hall,Renew,167
Nadd Hessa,Villa | 6 bed rooms+hall,New,2
Nadd Hessa,Villa | 6 bed rooms+hall,Renew,2
Naif,Apartment | 1bed room+Hall,New,2307
Naif,Apartment | 1bed room+Hall,Renew,3006
Naif,Apartment | 2 bed rooms+hall,New,1186
Naif,Apartment | 2 bed rooms+hall,Renew,2716
Naif,Apartment | 3 bed rooms+hall,New,104
Naif,Apartment | 3 bed rooms+hall,Renew,252
Naif,Apartment | 4 bed rooms+hall,New,3
Naif,Apartment | 4 bed rooms+hall,Renew,7
Naif,Apartment | 5 bed rooms+hall,Renew,3
Naif,Apartment | 6 bed rooms+hall,New,2
Naif,Apartment | 6 bed rooms+hall,Renew,1
Naif,Apartment | 7 bed rooms+hall,Renew,3
Naif,Apartment | Studio,New,4526
Naif,Apartment | Studio,Renew,4274
Naif,Villa | 1bed room+Hall,New,8
Naif,Villa | 1bed room+Hall,Renew,2
Naif,Villa | 3 bed rooms+hall,New,4
Naif,Villa | 5 bed rooms+hall,New,1
Naif,Villa | 5 bed rooms+hall,Renew,2
Naif,Villa | 6 bed rooms+hall,New,2
Naif,Villa | 6 bed rooms+hall,Renew,1
Naif,Villa | 9 bed rooms+hall,New,1
Naif,Villa | 9 bed rooms+hall,Renew,1
Oud Metha,Apartment | 1bed room+Hall,New,1423
Oud Metha,Apartment | 1bed room+Hall,Renew,2167
Oud Metha,Apartment | 2 bed rooms+hall,New,1412
Oud Metha,Apartment | 2 bed rooms+hall,Renew,3957
Oud Metha,Apartment | 3 bed rooms+hall,New,432
Oud Metha,Apartment | 3 bed rooms+hall,Renew,1188
Oud Metha,Apartment | 4 bed rooms+hall,New,5
Oud Metha,Apartment | 4 bed rooms+hall,Renew,38
Oud Metha,Apartment | Duplex,New,1
Oud Metha,Apartment | Duplex,Renew,2
Oud Metha,Apartment | Studio,New,349
Oud Metha,Apartment | Studio,Renew,518
Palm Jumeirah,Apartment | 1bed room+Hall,New,1749
Palm Jumeirah,Apartment | 1bed room+Hall,Renew,1615
Palm Jumeirah,Apartment | 2 bed rooms+hall,New,2341
Palm Jumeirah,Apartment | 2 bed rooms+hall,Renew,2941
Palm Jumeirah,Apartment | 3 bed rooms+hall,New,1053
Palm Jumeirah,Apartment | 3 bed rooms+hall,Renew,1587
Palm Jumeirah,Apartment | 4 bed rooms+hall,New,142
Palm Jumeirah,Apartment | 4 bed rooms+hall,Renew,111
Palm Jumeirah,Apartment | 5 bed rooms+hall,New,28
Palm Jumeirah,Apartment | 5 bed rooms+hall,Renew,34
Palm Jumeirah,Apartment | 6 bed rooms+hall,New,5
Palm Jumeirah,Apartment | 6 bed rooms+hall,Renew,3
Palm Jumeirah,Apartment | Penthouse,New,21
Palm Jumeirah,Apartment | Penthouse,Renew,45
Palm Jumeirah,Apartment | Studio,New,464
Palm Jumeirah,Apartment | Studio,Renew,181
Palm Jumeirah,Villa | 10 bed rooms+hall,New,2
Palm Jumeirah,Villa | 2 bed rooms+hall,Renew,1
Palm Jumeirah,Villa | 3 bed rooms+hall,New,35
Palm Jumeirah,Villa | 3 bed rooms+hall,Renew,26
Palm Jumeirah,Villa | 4 bed rooms+hall,New,220
Palm Jumeirah,Villa | 4 bed rooms+hall,Renew,243
Palm Jumeirah,Villa | 5 bed rooms+hall,New,134
Palm Jumeirah,Villa | 5 bed rooms+hall,Renew,145
Palm Jumeirah,Villa | 6 bed rooms+hall,New,69
Palm Jumeirah,Villa | 6 bed rooms+hall,Renew,54
Palm Jumeirah,Villa | 7 bed rooms+hall,New,5
Palm Jumeirah,Villa | 7 bed rooms+hall,Renew,3
Palm Jumeirah,Villa | 8 bed rooms+hall,New,2
Palm Jumeirah,Villa | 8 bed rooms+hall,Renew,2
Palm Jumeirah,Villa | 9 bed rooms+hall,Renew,2
Port Saeed,Apartment | 1bed room+Hall,New,1356
Port Saeed,Apartment | 1bed room+Hall,Renew,776
Port Saeed,Apartment | 2 bed rooms+hall,New,1110
Port Saeed,Apartment | 2 bed rooms+hall,Renew,1776
Port Saeed,Apartment | 3 bed rooms+hall,New,333
Port Saeed,Apartment | 3 bed rooms+hall,Renew,906
Port Saeed,Apartment | 4 bed rooms+hall,New,14
Port Saeed,Apartment | 4 bed rooms+hall,Renew,29
Port Saeed,Apartment | 5 bed rooms+hall,Renew,2
Port Saeed,Apartment | Studio,New,407
Port Saeed,Apartment | Studio,Renew,370
Port Saeed,Villa | 2 bed rooms+hall,New,1
Port Saeed,Villa | 3 bed rooms+hall,Renew,3
Port Saeed,Villa | 4 bed rooms+hall,New,16
Port Saeed,Villa | 4 bed rooms+hall,Renew,110
Port Saeed,Villa | 5 bed rooms+hall,New,2
Port Saeed,Villa | 6 bed rooms+hall,New,3
Ras Al Khor Industrial First,Apartment | 1bed room+Hall,New,28
Ras Al Khor Industrial First,Apartment | 1bed room+Hall,Renew,113
Ras Al Khor Industrial First,Apartment | 2 bed rooms+hall,New,5
Ras Al Khor Industrial First,Apartment | 2 bed rooms+hall,Renew,3
Ras Al Khor Industrial First,Apartment | Studio,New,20
Ras Al Khor Industrial First,Apartment | Studio,Renew,21
Ras Al Khor Industrial Second,Apartment | 1bed room+Hall,New,56
Ras Al Khor Industrial Second,Apartment | 1bed room+Hall,Renew,159
Ras Al Khor Industrial Second,Apartment | 2 bed rooms+hall,New,31
Ras Al Khor Industrial Second,Apartment | 2 bed rooms+hall,Renew,58
Ras Al Khor Industrial Second,Apartment | 3 bed rooms+hall,New,1
Ras Al Khor Industrial Second,Apartment | 3 bed rooms+hall,Renew,1
Ras Al Khor Industrial Second,Apartment | 5 bed rooms+hall,Renew,3
Ras Al Khor Industrial Second,Apartment | Studio,New,60
Ras Al Khor Industrial Second,Apartment | Studio,Renew,116
Ras Al Khor Industrial Third,Apartment | 1bed room+Hall,New,1170
Ras Al Khor Industrial Third,Apartment | 1bed room+Hall,Renew,1823
Ras Al Khor Industrial Third,Apartment | 2 bed rooms+hall,New,1716
Ras Al Khor Industrial Third,Apartment | 2 bed rooms+hall,Renew,4238
Ras Al Khor Industrial Third,Apartment | 3 bed rooms+hall,New,449
Ras Al Khor Industrial Third,Apartment | 3 bed rooms+hall,Renew,381
Ras Al Khor Industrial Third,Apartment | Studio,New,86
Ras Al Khor Industrial Third,Apartment | Studio,Renew,65
Rega Al Buteen,Apartment | 1bed room+Hall,New,35
Rega Al Buteen,Apartment | 1bed room+Hall,Renew,32
Rega Al Buteen,Apartment | 2 bed rooms+hall,New,337
Rega Al Buteen,Apartment | 2 bed rooms+hall,Renew,763
Rega Al Buteen,Apartment | 3 bed rooms+hall,New,290
Rega Al Buteen,Apartment | 3 bed rooms+hall,Renew,805
Rega Al Buteen,Apartment | 4 bed rooms+hall,New,46
Rega Al Buteen,Apartment | 4 bed rooms+hall,Renew,357
Rega Al Buteen,Apartment | 5 bed rooms+hall,New,1
Rega Al Buteen,Apartment | 5 bed rooms+hall,Renew,2
Rega Al Buteen,Apartment | Duplex,New,2
Rega Al Buteen,Apartment | Duplex,Renew,6
Saih Shuaib 1,Apartment | 1bed room+Hall,New,171
Saih Shuaib 1,Apartment | 1bed room+Hall,Renew,63
Saih Shuaib 1,Apartment | 2 bed rooms+hall,New,83
Saih Shuaib 1,Apartment | 2 bed rooms+hall,Renew,51
Saih Shuaib 1,Apartment | 3 bed rooms+hall,New,5
Saih Shuaib 1,Apartment | Studio,New,19
Saih Shuaib 1,Villa | 4 bed rooms+hall,New,40
Saih Shuaib 1,Villa | 4 bed rooms+hall,Renew,53
Saih Shuaib 1,Villa | 5 bed rooms+hall,New,15
Saih Shuaib 1,Villa | 5 bed rooms+hall,Renew,6
Saih Shuaib 2,Apartment | 1bed room+Hall,New,532
Saih Shuaib 2,Apartment | 1bed room+Hall,Renew,438
Saih Shuaib 2,Apartment | 2 bed rooms+hall,New,314
Saih Shuaib 2,Apartment | 2 bed rooms+hall,Renew,429
Saih Shuaib 2,Apartment | Studio,New,592
Saih Shuaib 2,Apartment | Studio,Renew,248
Saih Shuaib 2,Villa | 1bed room+Hall,New,51
Saih Shuaib 2,Villa | 1bed room+Hall,Renew,38
Saih Shuaib 2,Villa | 2 bed rooms+hall,New,42
Saih Shuaib 2,Villa | 2 bed rooms+hall,Renew,51
Saih Shuaib 2,Villa | 3 bed rooms+hall,New,107
Saih Shuaib 2,Villa | 3 bed rooms+hall,Renew,72
Saih Shuaib 2,Villa | 4 bed rooms+hall,New,5
Saih Shuaib 2,Villa | 4 bed rooms+hall,Renew,9
Saih Shuaib 2,Villa | 5 bed rooms+hall,New,1
Trade Center First,Apartment | 1bed room+Hall,New,1378
Trade Center First,Apartment | 1bed room+Hall,Renew,1744
Trade Center First,Apartment | 2 bed rooms+hall,New,2206
Trade Center First,Apartment | 2 bed rooms+hall,Renew,4295
Trade Center First,Apartment | 2 bed rooms+hall+Maids Room,New,1
Trade Center First,Apartment | 2 bed rooms+hall+Maids Room,Renew,5
Trade Center First,Apartment | 3 bed rooms+hall,New,956
Trade Center First,Apartment | 3 bed rooms+hall,Renew,2821
Trade Center First,Apartment | 4 bed rooms+hall,New,18
Trade Center First,Apartment | 4 bed rooms+hall,Renew,37
Trade Center First,Apartment | 5 bed rooms+hall,New,3
Trade Center First,Apartment | 5 bed rooms+hall,Renew,13
Trade Center First,Apartment | Penthouse,New,1
Trade Center First,Apartment | Penthouse,Renew,5
Trade Center First,Apartment | Studio,New,24
Trade Center First,Apartment | Studio,Renew,12
Trade Center Second,Apartment | 1bed room+Hall,New,475
Trade Center Second,Apartment | 1bed room+Hall,Renew,1286
Trade Center Second,Apartment | 2 bed rooms+hall,New,707
Trade Center Second,Apartment | 2 bed rooms+hall,Renew,2322
Trade Center Second,Apartment | 3 bed rooms+hall,New,671
Trade Center Second,Apartment | 3 bed rooms+hall,Renew,2239
Trade Center Second,Apartment | 4 bed rooms+hall,New,25
Trade Center Second,Apartment | 4 bed rooms+hall,Renew,99
Trade Center Second,Apartment | Duplex,Renew,12
Trade Center Second,Apartment | Studio,New,132
Trade Center Second,Apartment | Studio,Renew,122
Um Al Sheif,Apartment | 1bed room+Hall,New,3
Um Al Sheif,Apartment | 1bed room+Hall,Renew,4
Um Al Sheif,Apartment | 2 bed rooms+hall,New,65
Um Al Sheif,Apartment | 2 bed rooms+hall,Renew,148
Um Al Sheif,Apartment | 3 bed rooms+hall,New,9
Um Al Sheif,Apartment | 3 bed rooms+hall,Renew,41
Um Al Sheif,Villa | 3 bed rooms+hall,New,7
Um Al Sheif,Villa | 3 bed rooms+hall,Renew,31
Um Al Sheif,Villa | 4 bed rooms+hall,New,36
Um Al Sheif,Villa | 4 bed rooms+hall,Renew,175
Um Al Sheif,Villa | 5 bed rooms+hall,New,17
Um Al Sheif,Villa | 5 bed rooms+hall,Renew,53
Um Al Sheif,Villa | 6 bed rooms+hall,New,7
Um Al Sheif,Villa | 6 bed rooms+hall,Renew,28
Um Al Sheif,Villa | 7 bed rooms+hall,New,1
Um Al Sheif,Villa | 7 bed rooms+hall,Renew,1
Um Al Sheif,Villa | 8 bed rooms+hall,New,1
Um Al Sheif,Villa | 8 bed rooms+hall,Renew,3
Um Hurair First,Apartment | 1bed room+Hall,New,500
Um Hurair First,Apartment | 1bed room+Hall,Renew,799
Um Hurair First,Apartment | 2 bed rooms+hall,New,335
Um Hurair First,Apartment | 2 bed rooms+hall,Renew,725
Um Hurair First,Apartment | 3 bed rooms+hall,New,114
Um Hurair First,Apartment | 3 bed rooms+hall,Renew,203
Um Hurair First,Apartment | 4 bed rooms+hall,New,15
Um Hurair First,Apartment | 4 bed rooms+hall,Renew,84
Um Hurair First,Apartment | Studio,New,228
Um Hurair First,Apartment | Studio,Renew,345
Um Hurair Second,Apartment | 1bed room+Hall,New,137
Um Hurair Second,Apartment | 1bed room+Hall,Renew,348
Um Hurair Second,Apartment | 2 bed rooms+hall,New,261
Um Hurair Second,Apartment | 2 bed rooms+hall,Renew,505
Um Hurair Second,Apartment | 3 bed rooms+hall,New,114
Um Hurair Second,Apartment | 3 bed rooms+hall,Renew,130
Um Hurair Second,Apartment | 4 bed rooms+hall,New,7
Um Hurair Second,Apartment | 4 bed rooms+hall,Renew,27
Um Hurair Second,Apartment | Penthouse,New,6
Um Hurair Second,Apartment | Penthouse,Renew,4
Um Hurair Second,Apartment | Studio,New,25
Um Hurair Second,Apartment | Studio,Renew,5
Um Ramool,Apartment | 1bed room+Hall,New,114
Um Ramool,Apartment | 1bed room+Hall,Renew,145
Um Ramool,Apartment | 2 bed rooms+hall,New,217
Um Ramool,Apartment | 2 bed rooms+hall,Renew,230
Um Ramool,Apartment | 3 bed rooms+hall,New,32
Um Ramool,Apartment | 3 bed rooms+hall,Renew,109
Um Ramool,Villa | 2 bed rooms+hall,New,15
Um Ramool,Villa | 2 bed rooms+hall,Renew,92
Um Suqaim First,Villa | 10 bed rooms+hall,New,2
Um Suqaim First,Villa | 10 bed rooms+hall,Renew,2
Um Suqaim First,Villa | 2 bed rooms+hall,New,3
Um Suqaim First,Villa | 2 bed rooms+hall,Renew,5
Um Suqaim First,Villa | 3 bed rooms+hall,New,108
Um Suqaim First,Villa | 3 bed rooms+hall,Renew,638
Um Suqaim First,Villa | 4 bed rooms+hall,New,167
Um Suqaim First,Villa | 4 bed rooms+hall,Renew,337
Um Suqaim First,Villa | 5 bed rooms+hall,New,131
Um Suqaim First,Villa | 5 bed rooms+hall,Renew,484
Um Suqaim First,Villa | 6 bed rooms+hall,New,19
Um Suqaim First,Villa | 6 bed rooms+hall,Renew,24
Um Suqaim First,Villa | 7 bed rooms+hall,New,1
Um Suqaim First,Villa | 7 bed rooms+hall,Renew,1
Um Suqaim First,Villa | 8 bed rooms+hall,New,1
Um Suqaim First,Villa | 8 bed rooms+hall,Renew,1
Um Suqaim Second,Apartment | 1bed room+Hall,New,38
Um Suqaim Second,Apartment | 1bed room+Hall,Renew,54
Um Suqaim Second,Apartment | 2 bed rooms+hall,New,24
Um Suqaim Second,Apartment | 2 bed rooms+hall,Renew,108
Um Suqaim Second,Apartment | 3 bed rooms+hall,New,7
Um Suqaim Second,Apartment | 3 bed rooms+hall,Renew,37
Um Suqaim Second,Apartment | 5 bed rooms+hall,Renew,3
Um Suqaim Second,Apartment | Studio,New,8
Um Suqaim Second,Apartment | Studio,Renew,16
Um Suqaim Second,Villa | 2 bed rooms+hall,Renew,5
Um Suqaim Second,Villa | 3 bed rooms+hall,New,134
Um Suqaim Second,Villa | 3 bed rooms+hall,Renew,352
Um Suqaim Second,Villa | 4 bed rooms+hall,New,198
Um Suqaim Second,Villa | 4 bed rooms+hall,Renew,582
Um Suqaim Second,Villa | 5 bed rooms+hall,New,102
Um Suqaim Second,Villa | 5 bed rooms+hall,Renew,308
Um Suqaim Second,Villa | 6 bed rooms+hall,New,12
Um Suqaim Second,Villa | 6 bed rooms+hall,Renew,10
Um Suqaim Second,Villa | 7 bed rooms+hall,New,6
Um Suqaim Second,Villa | 7 bed rooms+hall,Renew,5
Um Suqaim Second,Villa | 8 bed rooms+hall,New,1
Um Suqaim Second,Villa | 8 bed rooms+hall,Renew,6
Um Suqaim Second,Villa | 9 bed rooms+hall,New,2
Um Suqaim Second,Villa | 9 bed rooms+hall,Renew,4
Um Suqaim Third,Apartment | 1bed room+Hall,New,334
Um Suqaim Third,Apartment | 1bed room+Hall,Renew,81
Um Suqaim Third,Apartment | 2 bed rooms+hall,New,249
Um Suqaim Third,Apartment | 2 bed rooms+hall,Renew,66
Um Suqaim Third,Apartment | 3 bed rooms+hall,New,32
Um Suqaim Third,Apartment | 3 bed rooms+hall,Renew,11
Um Suqaim Third,Apartment | 4 bed rooms+hall,New,23
Um Suqaim Third,Apartment | 4 bed rooms+hall,Renew,4
Um Suqaim Third,Villa | 1bed room+Hall,Renew,3
Um Suqaim Third,Villa | 3 bed rooms+hall,New,47
Um Suqaim Third,Villa | 3 bed rooms+hall,Renew,136
Um Suqaim Third,Villa | 4 bed rooms+hall,New,99
Um Suqaim Third,Villa | 4 bed rooms+hall,Renew,359
Um Suqaim Third,Villa | 5 bed rooms+hall,New,55
Um Suqaim Third,Villa | 5 bed rooms+hall,Renew,153
Um Suqaim Third,Villa | 6 bed rooms+hall,New,1
Um Suqaim Third,Villa | 6 bed rooms+hall,Renew,6
Um Suqaim Third,Villa | 7 bed rooms+hall,New,1
Um Suqaim Third,Villa | 7 bed rooms+hall,Renew,3
Um Suqaim Third,Villa | 8 bed rooms+hall,New,1
Um Suqaim Third,Villa | 8 bed rooms+hall,Renew,3
Wadi Al Amardi,Villa | 3 bed rooms+hall,New,2
Wadi Al Amardi,Villa | 5 bed rooms+hall,New,10
Wadi Al Amardi,Villa | 5 bed rooms+hall,Renew,90
Wadi Al Safa 2,Apartment | 1bed room+Hall,New,3680
Wadi Al Safa 2,Apartment | 1bed room+Hall,Renew,3196
Wadi Al Safa 2,Apartment | 2 bed rooms+hall,New,1312
Wadi Al Safa 2,Apartment | 2 bed rooms+hall,Renew,1433
Wadi Al Safa 2,Apartment | 3 bed rooms+hall,New,90
Wadi Al Safa 2,Apartment | 3 bed rooms+hall,Renew,110
Wadi Al Safa 2,Apartment | 4 bed rooms+hall,New,1
Wadi Al Safa 2,Apartment | 4 bed rooms+hall,Renew,2
Wadi Al Safa 2,Apartment | Studio,New,996
Wadi Al Safa 2,Apartment | Studio,Renew,425
Wadi Al Safa 2,Villa | 2 bed rooms+hall,New,46
Wadi Al Safa 2,Villa | 2 bed rooms+hall,Renew,52
Wadi Al Safa 2,Villa | 3 bed rooms+hall,New,91
Wadi Al Safa 2,Villa | 3 bed rooms+hall,Renew,162
Wadi Al Safa 2,Villa | 4 bed rooms+hall,New,96
Wadi Al Safa 2,Villa | 4 bed rooms+hall,Renew,133
Wadi Al Safa 2,Villa | 5 bed rooms+hall,New,58
Wadi Al Safa 2,Villa | 5 bed rooms+hall,Renew,61
Wadi Al Safa 3,Apartment | 1bed room+Hall,New,1739
Wadi Al Safa 3,Apartment | 1bed room+Hall,Renew,2305
Wadi Al Safa 3,Apartment | 2 bed rooms+hall,New,939
Wadi Al Safa 3,Apartment | 2 bed rooms+hall,Renew,1280
Wadi Al Safa 3,Apartment | 3 bed rooms+hall,New,140
Wadi Al Safa 3,Apartment | 3 bed rooms+hall,Renew,181
Wadi Al Safa 3,Apartment | 4 bed rooms+hall,New,4
Wadi Al Safa 3,Apartment | 4 bed rooms+hall,Renew,16
Wadi Al Safa 3,Apartment | 5 bed rooms+hall,New,1
Wadi Al Safa 3,Apartment | Duplex,New,6
Wadi Al Safa 3,Apartment | Duplex,Renew,7
Wadi Al Safa 3,Apartment | Studio,New,879
Wadi Al Safa 3,Apartment | Studio,Renew,1014
Wadi Al Safa 3,Villa | 1bed room+Hall,New,2
Wadi Al Safa 3,Villa | 2 bed rooms+hall,New,4
Wadi Al Safa 3,Villa | 3 bed rooms+hall,New,90
Wadi Al Safa 3,Villa | 3 bed rooms+hall,Renew,13
Wadi Al Safa 3,Villa | 4 bed rooms+hall,New,246
Wadi Al Safa 3,Villa | 4 bed rooms+hall,Renew,76
Wadi Al Safa 3,Villa | 5 bed rooms+hall,New,124
Wadi Al Safa 3,Villa | 5 bed rooms+hall,Renew,76
Wadi Al Safa 3,Villa | 6 bed rooms+hall,New,84
Wadi Al Safa 3,Villa | 6 bed rooms+hall,Renew,57
Wadi Al Safa 3,Villa | 7 bed rooms+hall,New,2
Wadi Al Safa 3,Villa | 7 bed rooms+hall,Renew,3
Wadi Al Safa 3,Villa | 8 bed rooms+hall,Renew,1
Wadi Al Safa 4,Apartment | 1bed room+Hall,New,21
Wadi Al Safa 4,Apartment | 1bed room+Hall,Renew,6
Wadi Al Safa 4,Apartment | 2 bed rooms+hall,New,14
Wadi Al Safa 4,Apartment | 2 bed rooms+hall,Renew,5
Wadi Al Safa 5,Apartment | 1bed room+Hall,New,4721
Wadi Al Safa 5,Apartment | 1bed room+Hall,Renew,6459
Wadi Al Safa 5,Apartment | 2 bed rooms+hall,New,2452
Wadi Al Safa 5,Apartment | 2 bed rooms+hall,Renew,3904
Wadi Al Safa 5,Apartment | 3 bed rooms+hall,New,178
Wadi Al Safa 5,Apartment | 3 bed rooms+hall,Renew,226
Wadi Al Safa 5,Apartment | 4 bed rooms+hall,New,2
Wadi Al Safa 5,Apartment | 4 bed rooms+hall,Renew,4
Wadi Al Safa 5,Apartment | Studio,New,3196
Wadi Al Safa 5,Apartment | Studio,Renew,2746
Wadi Al Safa 5,Villa | 1bed room+Hall,New,1
Wadi Al Safa 5,Villa | 2 bed rooms+hall,New,288
Wadi Al Safa 5,Villa | 2 bed rooms+hall,Renew,155
Wadi Al Safa 5,Villa | 3 bed rooms+hall,New,2371
Wadi Al Safa 5,Villa | 3 bed rooms+hall,Renew,926
Wadi Al Safa 5,Villa | 4 bed rooms+hall,New,1324
Wadi Al Safa 5,Villa | 4 bed rooms+hall,Renew,606
Wadi Al Safa 5,Villa | 5 bed rooms+hall,New,461
Wadi Al Safa 5,Villa | 5 bed rooms+hall,Renew,508
Wadi Al Safa 5,Villa | 6 bed rooms+hall,New,63
Wadi Al Safa 5,Villa | 6 bed rooms+hall,Renew,46
Wadi Al Safa 5,Villa | 7 bed rooms+hall,New,9
Wadi Al Safa 5,Villa | 7 bed rooms+hall,Renew,4
Wadi Al Safa 6,Villa | 1bed room+Hall,Renew,1
Wadi Al Safa 6,Villa | 2 bed rooms+hall,New,322
Wadi Al Safa 6,Villa | 2 bed rooms+hall,Renew,482
Wadi Al Safa 6,Villa | 3 bed rooms+hall,New,858
Wadi Al Safa 6,Villa | 3 bed rooms+hall,Renew,1318
Wadi Al Safa 6,Villa | 4 bed rooms+hall,New,182
Wadi Al Safa 6,Villa | 4 bed rooms+hall,Renew,247
Wadi Al Safa 6,Villa | 5 bed rooms+hall,New,261
Wadi Al Safa 6,Villa | 5 bed rooms+hall,Renew,351
Wadi Al Safa 6,Villa | 6 bed rooms+hall,New,55
Wadi Al Safa 6,Villa | 6 bed rooms+hall,Renew,67
Wadi Al Safa 6,Villa | 7 bed rooms+hall,New,4
Wadi Al Safa 6,Villa | 7 bed rooms+hall,Renew,6
Wadi Al Safa 7,Apartment | 1bed room+Hall,New,110
Wadi Al Safa 7,Apartment | 1bed room+Hall,Renew,42
Wadi Al Safa 7,Apartment | 2 bed rooms+hall,New,170
Wadi Al Safa 7,Apartment | 2 bed rooms+hall,Renew,330
Wadi Al Safa 7,Apartment | 3 bed rooms+hall,New,39
Wadi Al Safa 7,Apartment | 3 bed rooms+hall,Renew,251
Wadi Al Safa 7,Apartment | Studio,New,167
Wadi Al Safa 7,Apartment | Studio,Renew,18
Wadi Al Safa 7,Villa | 1bed room+Hall,New,131
Wadi Al Safa 7,Villa | 1bed room+Hall,Renew,5
Wadi Al Safa 7,Villa | 2 bed rooms+hall,New,509
Wadi Al Safa 7,Villa | 2 bed rooms+hall,Renew,784
Wadi Al Safa 7,Villa | 3 bed rooms+hall,New,1540
Wadi Al Safa 7,Villa | 3 bed rooms+hall,Renew,1812
Wadi Al Safa 7,Villa | 4 bed rooms+hall,New,779
Wadi Al Safa 7,Villa | 4 bed rooms+hall,Renew,1303
Wadi Al Safa 7,Villa | 5 bed rooms+hall,New,135
Wadi Al Safa 7,Villa | 5 bed rooms+hall,Renew,174
Wadi Al Safa 7,Villa | 6 bed rooms+hall,New,15
Wadi Al Safa 7,Villa | 6 bed rooms+hall,Renew,26
Warsan Fourth,Apartment | 1bed room+Hall,New,6371
Warsan Fourth,Apartment | 1bed room+Hall,Renew,7260
Warsan Fourth,Apartment | 2 bed rooms+hall,New,1356
Warsan Fourth,Apartment | 2 bed rooms+hall,Renew,1851
Warsan Fourth,Apartment | 3 bed rooms+hall,New,61
Warsan Fourth,Apartment | 3 bed rooms+hall,Renew,91
Warsan Fourth,Apartment | 4 bed rooms+hall,New,1
Warsan Fourth,Apartment | 4 bed rooms+hall,Renew,2
Warsan Fourth,Apartment | Studio,New,3720
Warsan Fourth,Apartment | Studio,Renew,3206
Zaabeel First,Apartment | 1bed room+Hall,New,17
Zaabeel First,Apartment | 2 bed rooms+hall,New,45
Zaabeel First,Apartment | 3 bed rooms+hall,New,4
Zaabeel First,Villa | 7 bed rooms+hall,New,1
Zaabeel Second,Apartment | 1bed room+Hall,New,498
Zaabeel Second,Apartment | 1bed room+Hall,Renew,156
Zaabeel Second,Apartment | 2 bed rooms+hall,New,626
Zaabeel Second,Apartment | 2 bed rooms+hall,Renew,185
Zaabeel Second,Apartment | 3 bed rooms+hall,New,280
Zaabeel Second,Apartment | 3 bed rooms+hall,Renew,75
Zaabeel Second,Apartment | 4 bed rooms+hall,New,10
